prob,cell_id
0.01,2952504
0.01,2956121
0.01,2959738
0.01,2959739
0.01,2963356
0.01,2963357
0.01,2966973
0.01,2966974
0.09,2970590
0.09,2970591
0.09,2974207
0.09,2974208
0.09,2974209
0.09,2977825
0.09,2977826
0.09,2981443
0.09,2985060
0.06,2981444
0.06,2981445
0.06,2985061
0.06,2985062
0.06,2988678
0.06,2988679
0.07,2992295
0.07,2992296
0.07,2995912
0.07,2995913
0.07,2999529
0.07,3006763
0.07,3010380
0.07,3010381
0.08,3013997
0.08,3013998
0.08,3017614
0.08,3017615
0.08,3021231
0.08,3021232
0.08,3024847
0.08,3024848
0.08,3024849
0.08,3028464
0.08,3028465
0.08,3032081
0.09,3035698
0.09,3035699
0.09,3039315
0.09,3039316
0.09,3042932
0.09,3042933
0.09,3046549
0.09,3046550
0.09,3050166
0.09,3050167
0.09,3053783
0.09,3053784
0.09,3057400
0.09,3057401
0.09,3061017
0.09,3061018
0.09,3064634
0.09,3064635
0.09,3068251
0.09,3068252
0.09,3071867
0.09,3071868
0.09,3071869
0.09,3075484
0.09,3075485
0.09,3075486
0.1,3079100
0.1,3082717
0.1,3086334
0.1,3089951
0.1,3093568
0.1,3097185
0.1,3100802
0.1,3079101
0.1,3079102
0.1,3079103
0.1,3082718
0.1,3082719
0.1,3086335
0.1,3086336
0.1,3089952
0.1,3089953
0.1,3089954
0.1,3093569
0.1,3093570
0.1,3093571
0.1,3097186
0.1,3097187
0.1,3097188
0.1,3097189
0.1,3100803
0.1,3100804
0.1,3100805
0.1,3100806
0.11,3104419
0.11,3108036
0.11,3111653
0.11,3115270
0.11,3118886
0.11,3118887
0.11,3122503
0.11,3122504
0.11,3104420
0.11,3104421
0.11,3104422
0.11,3104423
0.11,3104424
0.11,3108037
0.11,3108038
0.11,3108039
0.11,3108040
0.11,3108041
0.11,3111654
0.11,3111655
0.11,3111656
0.11,3111657
0.11,3115271
0.11,3115272
0.11,3115273
0.11,3115274
0.11,3118888
0.11,3118889
0.11,3118890
0.11,3122505
0.11,3122506
0.11,3122507
0.12,3136967
0.12,3140584
0.12,3144199
0.12,3144200
0.12,3144201
0.12,3126120
0.12,3126121
0.12,3129736
0.12,3129737
0.12,3129738
0.12,3133352
0.12,3133353
0.12,3133354
0.12,3133355
0.12,3136968
0.12,3136969
0.12,3136970
0.12,3136971
0.12,3136972
0.12,3140585
0.12,3140586
0.12,3140587
0.12,3140588
0.12,3144202
0.12,3144203
0.12,3144204
0.12,3144205
0.13,3126122
0.13,3126123
0.13,3129739
0.13,3129740
0.14,3162280
0.14,3165896
0.14,3165897
0.13,3147815
0.13,3147816
0.13,3147817
0.13,3147818
0.13,3151431
0.13,3151432
0.13,3151433
0.13,3151434
0.13,3155047
0.13,3155048
0.13,3155049
0.13,3155050
0.13,3155051
0.13,3158664
0.13,3158665
0.13,3158666
0.13,3158667
0.13,3158668
0.13,3162281
0.13,3162282
0.13,3162283
0.13,3162284
0.13,3162285
0.13,3165898
0.13,3165900
0.13,3165901
0.13,3165902
0.15,3147819
0.15,3147820
0.15,3147821
0.15,3147822
0.15,3151435
0.15,3151436
0.15,3151437
0.15,3151438
0.15,3151439
0.15,3155052
0.15,3155053
0.15,3155054
0.15,3155055
0.15,3158669
0.15,3158670
0.15,3158671
0.15,3162286
0.15,3162287
0.15,3162288
0.15,3165904
0.15,3165905
0.15,3169513
0.15,3169514
0.15,3173129
0.15,3173130
0.15,3173131
0.15,3176746
0.15,3176747
0.15,3176748
0.15,3180363
0.15,3180364
0.15,3183980
0.15,3183981
0.15,3187597
0.15,3187598
0.15,3187599
0.01,3169515
0.01,3169518
0.01,3169519
0.11,3202062
0.11,3205679
0.11,3209296
0.17,3191214
0.17,3191215
0.17,3191216
0.17,3194830
0.17,3194831
0.17,3194832
0.17,3194833
0.17,3198446
0.17,3198447
0.17,3198448
0.17,3198449
0.17,3198450
0.17,3202063
0.17,3202064
0.17,3205680
0.17,3209297
0.17,3209298
0.18,3227372
0.18,3227373
0.18,3227376
0.18,3230989
0.18,3230990
0.18,3230991
0.18,3230992
0.18,3230993
0.18,3234606
0.18,3234607
0.18,3234608
0.18,3234609
0.18,3234610
0.17,3212913
0.17,3216530
0.17,3220146
0.17,3220147
0.17,3223761
0.17,3223762
0.17,3223763
0.17,3223764
0.17,3227377
0.17,3227378
0.17,3227379
0.17,3227380
0.17,3227381
0.17,3230994
0.17,3230995
0.17,3230996
0.17,3230997
0.17,3234611
0.2,3212914
0.2,3212915
0.2,3216531
0.2,3216532
0.2,3220148
0.2,3220149
0.2,3223765
0.2,3223766
0.2,3227382
0.2,3230999
0.21,3238222
0.21,3241838
0.21,3241839
0.21,3245455
0.21,3245456
0.21,3249072
0.21,3252689
0.21,3252690
0.21,3256306
0.21,3256307
0.21,3238223
0.21,3238224
0.21,3238225
0.21,3238226
0.21,3241840
0.21,3241841
0.21,3241843
0.47,3274277
0.47,3277893
0.47,3277894
0.43,3270661
0.43,3270662
0.43,3274278
0.43,3274279
0.43,3274280
0.43,3277896
0.43,3277897
0.25,3259923
0.25,3259924
0.25,3263540
0.25,3263541
0.25,3267157
0.25,3267158
0.25,3270773
0.25,3270774
0.25,3270775
0.25,3274390
0.25,3274391
0.25,3274392
0.25,3278006
0.25,3278007
0.25,3278008
0.25,3278009
0.56,3281510
0.56,3281511
0.56,3285127
0.56,3285128
0.56,3288744
0.56,3288745
0.56,3292360
0.56,3292361
0.56,3292362
0.56,3295977
0.56,3295978
0.56,3299594
0.56,3299595
0.56,3299596
0.49,3281512
0.49,3281514
0.49,3281515
0.49,3285129
0.49,3285131
0.49,3285132
0.49,3288746
0.49,3288748
0.49,3288749
0.49,3292363
0.49,3292364
0.49,3292366
0.49,3292367
0.49,3295980
0.49,3295981
0.49,3295982
0.49,3295983
0.49,3295984
0.49,3299597
0.49,3299598
0.49,3299599
0.49,3299601
0.45,3285134
0.45,3285135
0.45,3285136
0.45,3285137
0.45,3288751
0.45,3288752
0.45,3288753
0.45,3288754
0.45,3288755
0.45,3292368
0.45,3292369
0.45,3292371
0.45,3292372
0.45,3295985
0.45,3295986
0.45,3295987
0.45,3295988
0.45,3295989
0.45,3299602
0.45,3299604
0.45,3299605
0.45,3299606
0.44,3295990
0.44,3295991
0.44,3299607
0.44,3299608
0.44,3299609
0.29,3296089
0.29,3299705
0.29,3299706
0.27,3281623
0.27,3281624
0.27,3281625
0.27,3285239
0.27,3285240
0.27,3285241
0.27,3288856
0.27,3288857
0.27,3288858
0.27,3292473
0.27,3296090
0.27,3299707
0.53,3303214
0.53,3303215
0.53,3303216
0.53,3303217
0.53,3303218
0.53,3306832
0.53,3306833
0.53,3306834
0.53,3306835
0.53,3310448
0.53,3310449
0.53,3310450
0.53,3310451
0.53,3314065
0.53,3321299
0.53,3321303
0.49,3303219
0.49,3303220
0.49,3303222
0.49,3303223
0.49,3306836
0.49,3306837
0.49,3306838
0.49,3306839
0.49,3306840
0.49,3310453
0.49,3310454
0.49,3310455
0.49,3310456
0.49,3310457
0.49,3314071
0.49,3314072
0.49,3314074
0.49,3317688
0.49,3317689
0.49,3321304
0.49,3321305
0.47,3303224
0.47,3303225
0.47,3303226
0.47,3303227
0.47,3306843
0.47,3306844
0.47,3310460
0.47,3310461
0.47,3314075
0.47,3314076
0.47,3314077
0.47,3314078
0.47,3314079
0.47,3317692
0.47,3317693
0.47,3317696
0.47,3303230
0.47,3310467
0.47,3314083
0.47,3314084
0.47,3317700
0.47,3317701
0.47,3321316
0.47,3321317
0.47,3321318
0.42,3306852
0.42,3306853
0.42,3310468
0.42,3310469
0.42,3310470
0.42,3314085
0.42,3314086
0.42,3314087
0.42,3317702
0.42,3317703
0.42,3317704
0.42,3321319
0.42,3321320
0.32,3303322
0.32,3303323
0.32,3306939
0.32,3306940
0.32,3310556
0.32,3310557
0.32,3314173
0.32,3314174
0.32,3317789
0.32,3317790
0.32,3317791
0.32,3321404
0.32,3321405
0.32,3321406
0.32,3321407
0.32,3321408
0.3,3303324
0.3,3306941
0.3,3306942
0.3,3310558
0.3,3310559
0.51,3324916
0.51,3324917
0.51,3324918
0.51,3324919
0.51,3324920
0.51,3328533
0.51,3328534
0.51,3328535
0.51,3328536
0.51,3328537
0.49,3324921
0.49,3324922
0.49,3328538
0.49,3328539
0.49,3332159
0.49,3335776
0.49,3339393
0.49,3343010
0.48,3332160
0.48,3332161
0.48,3335777
0.48,3335778
0.48,3339394
0.48,3339395
0.48,3339396
0.48,3343011
0.38,3335871
0.38,3339488
0.35,3325021
0.35,3325022
0.35,3328638
0.35,3332255
0.35,3332256
0.35,3335872
0.35,3335873
0.35,3335874
0.35,3339489
0.35,3339490
0.35,3339491
0.35,3343106
0.35,3343107
0.35,3343108
0.35,3346723
0.35,3346724
0.35,3346725
0.43,3361190
0.43,3364807
0.43,3368424
0.38,3350340
0.38,3350341
0.38,3353957
0.38,3353958
0.38,3357574
0.38,3357575
0.38,3357576
0.38,3361191
0.38,3361192
0.38,3361193
0.38,3364808
0.38,3364809
0.38,3364810
0.38,3368425
0.38,3368426
0.38,3368427
0.47,3372041
0.47,3375658
0.47,3379275
0.47,3382892
0.47,3386509
0.41,3372042
0.41,3372043
0.41,3372044
0.41,3375659
0.41,3375660
0.41,3375661
0.41,3379276
0.41,3379277
0.41,3382893
0.41,3382894
0.41,3386510
0.41,3386511
0.41,3386512
0.41,3386513
0.41,3390127
0.41,3390128
0.41,3390129
0.41,3390130
0.41,3390131
0.07,3386519
0.07,3390136
0.04,3372053
0.04,3372054
0.04,3375670
0.04,3379287
0.04,3382903
0.04,3382904
0.04,3386520
0.04,3386521
0.04,3386522
0.04,3390137
0.04,3390138
0.04,3390139
0.44,3393745
0.44,3393746
0.44,3393747
0.44,3393748
0.44,3397363
0.44,3397364
0.44,3397365
0.44,3400980
0.44,3400981
0.44,3400982
0.44,3404597
0.44,3404598
0.44,3404599
0.44,3408214
0.44,3408215
0.44,3408216
0.44,3411831
0.44,3411832
0.44,3411833
0.38,3393749
0.38,3393752
0.38,3393753
0.38,3397366
0.38,3397367
0.38,3397368
0.38,3397369
0.38,3397370
0.38,3400983
0.38,3400984
0.38,3400985
0.38,3400986
0.38,3400987
0.38,3404600
0.38,3404601
0.38,3404602
0.38,3404603
0.38,3408217
0.38,3408218
0.38,3408219
0.38,3408221
0.38,3411834
0.38,3411835
0.38,3411836
0.38,3411838
0.38,3411839
0.43,3393754
0.43,3393755
0.43,3393756
0.43,3393757
0.43,3397371
0.43,3397372
0.43,3397373
0.43,3397374
0.43,3400988
0.43,3400989
0.43,3400990
0.43,3404605
0.43,3404606
0.43,3404607
0.43,3408222
0.43,3408223
0.43,3411840
0.44,3415449
0.44,3415450
0.44,3415451
0.44,3419066
0.44,3419067
0.44,3419068
0.44,3422682
0.44,3422684
0.44,3422685
0.44,3426299
0.44,3426301
0.44,3426302
0.44,3429916
0.44,3429918
0.44,3429919
0.44,3433533
0.44,3433534
0.44,3433535
0.44,3433536
0.4,3415452
0.4,3415453
0.4,3415454
0.4,3415455
0.4,3415456
0.4,3419069
0.4,3419070
0.4,3419071
0.4,3419072
0.4,3419073
0.4,3422686
0.4,3422687
0.4,3422688
0.4,3422689
0.4,3422690
0.4,3426303
0.4,3426304
0.4,3426305
0.4,3426306
0.4,3426307
0.4,3429920
0.4,3429921
0.4,3429922
0.4,3429923
0.4,3433537
0.4,3433538
0.47,3415457
0.47,3419074
0.47,3422691
0.56,3455233
0.55,3437151
0.55,3437152
0.55,3437153
0.55,3440766
0.55,3440767
0.55,3440768
0.55,3440769
0.55,3440770
0.55,3444383
0.55,3444384
0.55,3444385
0.55,3444386
0.55,3448000
0.55,3448001
0.55,3451617
0.55,3451618
0.55,3455234
0.55,3455235
0.04,3437154
0.7,3458850
0.7,3462466
0.7,3462467
0.7,3466082
0.7,3466083
0.7,3469698
0.7,3469699
0.7,3469700
0.7,3473315
0.7,3473316
0.7,3476932
0.7,3476933
0.7,3480549
0.7,3480550
0.84,3484166
0.84,3484167
0.84,3487783
0.84,3487784
0.84,3491400
0.84,3491401
0.84,3495018
0.84,3495019
0.84,3498635
0.84,3498636
0.84,3498637
0.84,3502252
0.84,3502253
0.84,3502254
0.84,3502255
0.89,3505870
0.89,3505871
0.89,3505872
0.89,3509487
0.89,3509488
0.89,3513104
0.89,3513105
0.89,3516721
0.89,3516722
0.89,3516723
0.89,3520339
0.89,3520340
0.89,3523956
0.89,3523957
0.8,3520341
0.8,3523958
0.9,3527573
0.9,3527574
0.9,3531191
0.9,3534807
0.9,3534808
0.9,3538424
0.9,3538425
0.9,3542041
0.9,3542042
0.9,3545658
0.9,3545659
0.87,3527575
0.87,3527576
0.87,3531192
0.87,3531193
0.87,3534809
0.87,3534810
0.87,3538426
0.87,3538427
0.87,3542043
0.87,3542044
0.88,3549275
0.88,3549276
0.88,3552893
0.88,3552894
0.88,3556510
0.88,3556511
0.88,3560128
0.65,3556512
0.65,3556513
0.65,3560129
0.65,3560130
0.65,3560131
0.65,3563746
0.65,3563747
0.65,3563748
0.65,3563749
0.65,3567363
0.65,3567364
0.65,3567365
0.65,3567366
0.65,3567367
0.88,3567368
0.91,3570980
0.91,3570981
0.91,3570982
0.91,3570983
0.91,3570984
0.91,3574599
0.91,3574600
0.91,3574601
0.91,3578216
0.91,3578217
0.91,3578218
0.91,3581834
0.91,3581835
0.91,3585451
0.91,3585452
0.91,3589067
0.91,3589068
0.91,3589069
0.92,3570985
0.92,3570986
0.92,3570987
0.92,3574602
0.92,3574603
0.92,3574604
0.92,3574605
0.92,3578219
0.92,3578220
0.92,3578221
0.92,3578222
0.92,3578223
0.92,3581836
0.92,3581837
0.92,3581838
0.92,3581839
0.92,3581840
0.92,3585453
0.92,3585454
0.92,3585455
0.92,3585456
0.92,3585457
0.92,3589070
0.92,3589071
0.92,3589072
0.92,3589073
0.92,3589074
0.88,3581841
0.88,3585458
0.88,3585459
0.88,3589075
0.88,3589076
0.85,3592684
0.85,3592685
0.85,3592687
0.85,3596302
0.85,3596303
0.93,3592688
0.93,3592689
0.93,3592690
0.93,3592691
0.93,3592692
0.93,3596305
0.93,3596306
0.93,3596307
0.93,3596308
0.93,3596309
0.93,3599923
0.93,3599924
0.93,3599925
0.93,3599926
0.93,3603543
0.99,3592693
0.99,3592694
0.99,3596310
0.99,3596311
0.99,3596312
0.99,3599927
0.99,3599928
0.99,3599929
0.99,3603544
0.99,3603545
0.99,3603546
0.99,3603547
0.99,3607162
0.99,3607163
0.99,3607164
0.99,3607165
0.99,3610780
0.99,3610781
0.99,3610782
0.99,3614397
0.99,3614398
0.99,3614399
0.96,3618015
0.96,3618016
0.96,3621632
0.96,3621633
0.96,3625250
0.96,3628867
0.96,3632484
0.96,3632485
0.96,3636102
0.92,3618017
0.92,3621634
0.92,3625251
0.92,3625252
0.92,3628868
0.92,3628869
0.92,3632486
0.92,3632487
0.92,3636103
0.92,3636104
0.92,3636105
0.98,3639720
0.98,3639721
0.98,3639722
0.98,3639723
0.98,3643338
0.98,3643339
0.98,3643340
0.98,3643341
0.98,3646955
0.98,3646956
0.98,3646957
0.98,3646958
0.98,3650573
0.98,3650574
0.98,3650575
0.98,3654190
0.98,3654191
0.98,3654192
0.98,3657808
0.98,3657809
0.91,3646959
0.91,3650576
0.91,3654193
0.91,3654194
0.91,3657810
0.91,3657811
0.91,3661426
0.91,3668661
0.95,3661427
0.95,3661428
0.95,3661429
0.95,3665044
0.95,3665045
0.95,3665046
0.95,3668662
0.95,3668663
0.95,3668664
0.95,3672279
0.95,3672280
0.95,3672281
0.95,3675896
0.95,3675897
0.95,3675898
0.95,3675899
0.95,3679514
0.95,3679515
0.95,3679516
0.98,3683131
0.98,3683132
0.98,3683133
0.98,3686749
0.98,3686750
0.98,3686751
0.98,3690367
0.98,3690368
0.98,3693984
0.98,3693985
0.98,3697602
0.94,3690369
0.94,3693986
0.94,3697603
0.94,3697604
0.94,3701220
0.94,3701221
0.94,3704837
0.97,3704838
0.97,3708455
0.97,3708456
0.97,3712072
0.97,3712073
0.97,3715690
0.97,3715691
0.97,3719307
0.97,3719308
0.97,3722925
0.98,3726542
0.98,3726543
0.98,3730159
0.98,3730160
0.98,3733776
0.98,3733777
0.98,3733778
0.98,3737394
0.98,3737395
0.98,3741012
0.98,3741013
0.98,3744629
0.98,3744630
0.98,3748247
0.98,3744631
0.98,3748248
1,3751865
1,3751866
1,3755482
1,3755483
1,3759099
1,3759100
1,3759101
1,3762717
1,3762718
1,3762719
1,3766335
1,3766336
1,3769953
1,3769954
1,3773570
1,3773571
1,3777187
1,3777188
1,3777189
1,3780804
1,3780805
1,3780806
1,3784421
1,3784422
1,3784423
1,3788038
1,3788039
1,3788040
1,3791654
1,3791655
1,3791656
1,3791657
1,3791658
1,3788041
1,3788042
1,3791659
1,3791660
0.98,3813358
0.98,3813359
0.84,3795276
0.84,3795277
0.84,3798894
0.84,3798895
0.84,3802512
0.84,3802513
0.84,3806129
0.84,3806130
0.84,3809746
0.84,3809747
0.84,3813363
0.84,3813364
1,3816980
1,3816981
1,3816982
1,3820597
1,3820598
1,3820599
1,3820600
1,3824216
1,3824217
1,3827833
1,3827834
1,3824218
1,3827835
1,3827836
1,3831452
1,3831453
1,3831454
1,3835070
1,3835071
1,3838687
1,3838688
1,3838689
1,3842305
1,3842306
1,3845923
1,3845924
1,3849540
1,3849541
1,3849542
1,3853158
1,3853159
1,3856776
0.34,3860393
0.34,3864010
0.34,3867627
1,3860394
1,3864011
1,3864012
1,3867628
1,3867629
1,3867630
1,3871246
1,3871247
1,3871248
1,3874864
1,3874865
1,3878481
1,3878482
1,3878483
1,3882098
1,3882099
1,3882100
1,3885714
1,3885715
1,3885716
1,3885717
1,3889331
1,3889332
1,3889333
1,3889334
1,3892949
1,3892950
1,3892951
1,3896566
1,3896567
1,3896568
1,3900183
1,3900184
1,3900185
1,3903801
1,3903802
1,3907418
1,3907419
1,3911035
1,3911036
1,3911037
1,3914653
1,3914654
1,3914655
1,3918270
1,3918271
1,3918272
1,3921888
1,3921889
1,3921890
1,3925507
1,3925508
1,3929125
1,3932742
1,3932743
1,3936360
1,3936361
1,3936362
1,3939978
1,3939979
1,3939980
1,3943596
1,3943597
1,3943598
1,3947215
1,3947216
1,3950833
1,3950834
1,3954450
1,3954451
1,3954452
1,3958069
1,3958070
1,3961686
1,3961687
1,3961688
1,3965304
1,3965305
1,3968922
1,3968923
1,3968924
1,3972541
1,3972542
1,3972543
1,3976159
1,3976160
1,3976161
1,3976162
1,3979778
1,3979779
1,3983397
1,3979780
1,3983398
1,3983399
1,3987015
1,3987016
1,3987017
1,3987018
1,3990634
1,3990635
1,3990636
1,3994254
1,3997871
1,3997872
1,3997873
1,4001489
1,4001490
1,4001491
1,4001492
1,4005107
1,4005108
1,4005109
0.9,4005110
0.9,4005111
0.9,4005112
0.9,4008728
0.9,4008729
0.9,4008730
0.9,4012346
0.9,4012347
0.9,4012348
0.9,4012349
0.32,4015965
0.32,4015966
0.96,4015967
0.96,4015968
0.96,4019584
0.96,4019585
0.96,4019586
0.96,4019587
0.96,4019588
0.96,4023203
0.96,4023204
0.96,4023205
0.6,4023206
0.6,4023207
0.6,4026823
0.6,4026824
0.6,4026825
0.6,4030441
0.6,4030442
0.6,4030443
0.6,4034059
0.6,4034060
0.6,4034061
0.43,4037680
0.43,4041297
0.43,4041298
0.43,4044914
0.43,4044915
0.43,4044916
0.43,4044917
0.43,4048533
0.43,4048534
0.43,4048535
0.43,4052151
0.43,4052152
0.43,4055770
0.81,4048536
0.81,4052153
0.81,4052154
0.81,4055771
0.91,4059388
0.91,4059389
0.91,4063005
0.91,4063006
0.91,4066622
0.91,4066623
0.91,4066624
0.91,4070240
0.91,4070241
0.91,4070242
0.91,4073858
0.91,4073859
0.91,4073860
0.91,4077477
0.91,4077478
0.91,4073861
0.91,4077479
0.92,4081096
0.92,4081097
0.92,4084714
0.92,4084715
0.92,4084716
0.92,4088332
0.92,4088333
0.92,4088334
0.92,4091950
0.92,4091951
0.92,4095568
0.92,4091952
0.92,4091953
0.92,4095569
0.92,4095570
0.92,4095571
0.92,4099187
0.92,4099188
0.93,4102804
0.93,4102805
0.93,4106422
0.93,4110039
0.93,4113656
0.93,4113657
0.93,4117273
0.93,4117274
0.93,4120890
0.93,4120891
0.95,4124508
0.95,4124509
0.95,4128125
0.95,4128126
0.95,4131742
0.95,4131743
0.95,4135360
0.95,4138977
0.95,4138978
0.95,4142595
0.95,4142596
0.97,4146212
0.97,4146213
0.97,4149829
0.97,4149830
0.97,4153446
0.97,4153447
0.97,4153448
0.97,4157064
0.97,4157065
0.97,4160681
0.97,4160682
0.97,4164299
0.97,4164300
0.99,4167916
0.99,4167917
0.99,4171533
0.99,4171534
0.99,4175150
0.99,4175151
0.99,4178768
0.99,4182384
0.99,4182385
0.99,4186002
0.99,4186003
1,4189619
1,4189620
1,4193236
1,4193237
1,4196853
1,4196854
1,4200470
1,4200471
1,4204088
1,4204089
1,4207705
1,4207706
1,4211323
1,4214940
1,4214941
1,4218557
1,4218558
1,4222175
1,4222176
1,4225792
1,4225793
1,4229409
1,4229410
1,4233027
1,4236644
1,4240261
1,4243878
1,4243879
1,4247495
1,4247496
1,4251112
1,4251113
1,4254729
1,4254730
1,4258346
1,4258347
1,4261963
1,4261964
1,4265581
1,4269198
1,4272815
1,4276432
1,4276433
1,4280049
1,4280050
1,4283666
1,4283667
1,4287283
1,4287284
1,4290900
1,4290901
1,4294518
1,4298133
1,4301750
1,4301751
1,4305367
1,4305368
1,4308984
1,4308985
1,4312601
1,4312602
1,4316219
1,4298134
1,4298135
1,4301752
0.2,4319836
0.2,4319837
0.2,4323453
0.2,4323454
0.2,4330689
0.2,4334306
0.2,4337923
1,4319838
1,4323455
1,4323456
1,4327072
1,4327073
1,4330690
1,4337924
1,4341540
1,4341541
1,4345158
1,4348775
1,4352392
1,4356009
1,4356010
1,4359626
1,4359627
1,4352393
1,4363243
1,4363244
1,4366860
1,4366861
1,4370478
1,4370479
1,4374095
1,4374096
1,4377713
1,4381330
1,4381331
1,4377714
1,4384948
1,4388565
1,4392182
1,4395800
1,4399417
1,4403033
1,4403034
1,4384949
1,4388566
1,4392183
1,4392184
1,4395801
1,4399418
1,4406650
1,4406651
1,4410267
1,4410268
1,4413884
1,4413885
1,4417501
1,4417502
1,4421118
1,4421119
1,4424736
1,4424737
1,4428354
1,4428355
1,4431971
1,4431972
1,4435588
1,4435589
1,4439206
1,4442823
1,4442824
1,4446440
1,4446441
1,4450057
1,4450058
1,4453674
1,4453675
1,4457291
1,4457292
1,4460908
1,4460909
1,4464525
1,4464526
1,4468142
1,4468143
1,4471759
1,4471760
1,4475377
1,4478994
1,4482611
1,4486228
1,4486229
1,4489846
1,4497079
1,4500696
1,4500697
1,4504313
1,4504314
1,4507930
1,4507931
1,4511547
1,4511548
1,4493463
1,4497080
1,4497081
1,4515165
1,4518782
1,4522399
1,4522400
1,4526016
1,4526017
1,4529633
1,4529634
1,4533250
1,4533251
1,4547717
1,4551335
1,4554952
1,4536867
1,4536868
1,4540484
1,4540485
1,4544101
1,4544102
1,4547718
1,4547719
1,4554953
1,4558569
1,4562187
1,4565804
1,4569421
1,4576656
1,4558570
1,4565805
1,4565806
1,4569422
1,4569423
1,4573040
1,4573041
1,4576658
1,4580273
1,4580275
1,4580276
1,4583892
1,4583893
1,4587509
1,4587510
1,4591127
1,4591128
1,4594744
1,4594745
1,4601978
1,4605594
1,4605595
1,4609211
1,4609212
1,4612828
1,4612829
1,4616445
1,4616446
1,4598361
1,4598362
1,4601979
1,4605596
1,4609213
1,4620062
1,4620063
1,4623680
1,4627297
1,4627298
1,4630914
1,4630915
1,4634532
1,4634533
1,4638149
1,4638150
1,4641767
1,4641768
1,4645384
1,4645385
1,4649001
1,4649002
1,4649003
1,4652619
1,4652620
1,4656237
1,4656238
1,4659854
1,4659855
1,4663472
1,4663473
1,4667089
1,4667090
1,4670707
1,4674324
1,4674325
1,4677942
1,4681559
1,4681560
1,4670708
1,4677943
1,4685177
1,4688794
1,4692411
1,4692412
1,4696029
1,4703264
1,4688795
1,4692413
1,4696030
1,4699647
1,4699648
1,4703265
1,4706881
1,4710499
1,4714116
1,4717733
1,4721350
1,4721351
1,4706882
1,4710500
1,4717734
1,4724966
1,4724967
1,4724968
1,4728583
1,4728584
1,4732201
1,4732202
1,4735818
1,4735819
1,4739436
1,4739437
1,4743053
1,4743054
1,4746671
1,4746672
1,4750288
1,4750289
1,4753905
1,4753906
1,4757521
1,4757522
1,4757523
1,4761139
1,4761140
1,4764756
1,4764757
0.8,4771990
0.8,4775607
0.8,4779225
0.8,4782842
0.8,4786459
0.8,4786460
1,4768373
1,4775608
1,4790076
1,4790077
1,4793694
1,4797311
1,4800928
1,4804545
1,4804546
1,4815395
1,4819012
1,4822629
1,4826246
1,4826247
1,4808162
1,4808163
1,4811778
1,4811779
1,4811780
1,4815396
1,4815397
1,4819013
1,4822630
1,4829863
1,4829864
1,4833480
1,4833481
1,4837098
1,4837099
1,4840715
1,4840716
1,4844332
1,4844333
1,4847949
1,4847950
1,4866034
1,4851566
1,4851567
1,4855183
1,4855184
1,4858801
1,4858802
1,4862418
1,4862419
1,4866035
1,4866036
1,4887735
1,4869651
1,4869652
1,4873268
1,4873269
1,4876885
1,4876886
1,4876887
1,4880502
1,4880503
1,4884120
1,4884121
1,4887736
1,4887737
1,4887738
1,4869653
1,4873270
1,4891351
1,4891352
1,4894969
1,4894970
1,4898586
1,4898587
1,4902203
1,4902204
1,4905820
1,4905821
1,4905822
1,4909438
1,4909439
1,4891353
1,4891354
1,4891355
1,4891356
1,4894971
1,4894972
1,4894973
1,4898588
1,4898589
1,4898590
1,4913055
1,4913056
1,4916673
1,4916674
1,4920290
1,4920291
1,4920292
1,4923908
1,4923909
1,4927526
1,4927527
1,4923910
1,4927528
1,4945610
1,4931144
1,4934762
1,4938379
1,4941993
1,4941994
1,4941995
1,4941996
1,4941997
1,4945611
1,4945612
1,4945613
1,4945614
1,4949228
1,4949229
1,4949230
1,4949231
1,4949232
1,4931145
1,4934763
1,4938380
1,4945615
1,4952846
1,4952847
1,4952848
1,4952849
1,4956465
1,4956466
1,4956467
1,4960083
1,4960084
1,4963702
1,4967319
1,4970937
1,4952850
1,4956468
1,4960085
1,4960086
1,4963703
1,4967320
1,4967321
1,4970938
1,4970939
1,4974555
1,4974556
1,4974557
1,4978173
1,4978174
1,4978175
1,4981790
1,4981791
1,4981792
1,4985408
1,4985409
1,4985410
1,4989025
1,4989026
1,4989027
1,4992642
1,4996259
1,4999876
1,4999877
1,5003493
1,5003494
1,5007111
1,5007112
1,5010727
1,5010728
1,5010729
1,4992643
1,4992644
1,4996260
1,4996261
1,4999878
1,5003495
1,5003496
1,5007113
1,5014345
1,5014346
1,5017962
1,5017963
1,5021579
1,5021580
1,5025197
1,5025198
1,5028814
1,5028815
1,5032432
1,5032433
1,5036049
1,5036050
1,5039666
1,5039667
1,5043284
1,5046901
1,5046902
1,5050519
1,5054136
1,5057754
1,5061371
1,5061372
1,5064989
1,5064990
1,5068606
1,5068607
1,5072224
1,5072225
0.12,5072228
0.05,5072232
0.05,5072233
0.05,5072234
0.04,5068620
0.04,5072237
0.04,5072238
1,5083075
1,5083076
1,5086692
1,5086693
1,5090310
1,5090311
1,5075842
1,5075843
1,5075844
1,5075845
1,5079459
1,5079460
1,5079461
1,5083077
1,5083078
1,5083079
1,5083080
1,5086694
1,5086695
1,5086696
1,5086697
1,5090315
0.02,5075854
0.02,5075855
0.02,5079472
0.02,5090324
1,5093927
1,5093928
1,5097544
1,5097545
1,5097546
1,5101162
1,5101163
1,5104779
1,5104780
1,5108397
1,5108398
1,5112014
1,5112015
1,5093932
1,5097550
1,5104785
1,5108401
1,5108402
1,5108403
1,5112018
1,5112019
1,5112020
0.92,5093933
0.92,5093934
0.92,5097551
0.92,5097552
0.92,5101168
0.92,5101169
0.92,5101170
0.92,5101171
0.92,5101172
0.92,5104786
0.92,5104787
0.92,5104788
0.92,5104789
0.92,5108404
0.92,5108405
0.92,5108406
0.92,5112021
0.92,5112022
0.92,5112023
0.54,5093938
0.54,5093939
0.54,5093940
0.54,5093941
0.54,5097557
0.54,5097558
0.54,5101173
0.54,5101174
0.54,5101175
0.54,5101176
0.54,5104790
0.54,5104791
0.54,5104792
0.54,5104793
0.54,5108408
0.54,5108409
0.54,5108410
0.54,5108411
0.54,5112026
0.54,5112027
0.54,5112028
0.25,5097559
0.25,5101177
0.25,5104794
0.25,5108412
0.25,5112029
1,5115632
1,5115633
1,5119250
1,5119251
1,5122866
1,5122867
1,5122868
1,5126484
1,5126485
1,5130101
1,5130102
1,5130103
1,5115635
1,5115636
1,5115637
1,5115638
1,5119253
1,5119254
1,5119255
1,5122872
1,5122873
1,5126489
1,5126490
1,5130107
1,5130108
0.52,5115639
0.52,5115640
0.52,5115641
0.52,5115642
0.52,5119256
0.52,5119257
0.52,5119258
0.52,5119259
0.52,5122874
0.52,5122876
0.52,5122877
0.52,5126491
0.52,5126492
0.52,5126494
0.52,5130109
0.52,5130110
1,5115643
1,5115644
1,5115645
1,5115646
1,5119260
1,5119261
1,5122878
1,5122879
1,5126495
1,5126496
1,5126497
1,5130113
1,5130114
1,5130115
1,5140952
1,5144570
1,5151803
1,5151804
1,5151805
1,5133718
1,5133719
1,5133720
1,5137336
1,5137337
1,5140953
1,5140954
1,5144571
1,5144572
1,5144573
1,5148188
1,5148189
1,5148190
1,5148191
1,5148192
1,5151806
1,5151807
1,5151808
1,5151809
0.99,5133725
0.99,5137341
0.99,5137342
0.99,5137343
0.99,5140959
0.99,5140960
0.99,5140961
0.99,5144577
0.99,5144578
0.99,5148193
0.99,5148194
0.99,5148195
0.99,5151810
0.99,5151811
0.99,5151812
0.99,5133726
0.99,5133727
0.99,5133728
0.99,5133730
0.99,5137344
0.99,5140965
0.99,5144579
0.99,5144582
0.99,5148199
0.99,5148200
0.99,5151816
0.99,5151817
0.33,5133731
0.33,5133732
0.33,5137348
0.33,5137349
0.33,5137350
0.33,5140966
0.33,5144583
0.33,5151818
1,5155420
1,5155421
1,5155422
1,5155423
1,5159037
1,5159038
1,5159039
1,5159040
1,5162655
1,5162656
1,5155424
1,5155425
1,5155426
1,5159041
1,5162661
1,5162662
1,5166278
1,5166279
1,5169895
1,5169896
1,5169897
1,5155433
1,5155434
1,5155435
1,5159050
1,5159051
1,5159052
1,5159053
1,5162667
1,5162669
1,5162670
1,5166286
1,5166287
1,5166288
1,5169902
1,5169903
1,5169904
1,5169905
1,5180744
1,5180745
1,5180746
1,5184361
1,5184362
1,5184363
1,5187979
1,5187980
1,5187981
1,5191596
1,5191597
1,5191598
1,5191599
0.97,5173512
0.97,5173513
0.97,5173514
0.97,5173515
0.97,5177129
0.97,5177130
0.97,5177131
0.97,5177132
0.97,5180747
0.97,5180748
0.97,5180749
0.97,5180750
0.97,5184364
0.97,5184365
0.97,5184366
0.97,5184367
0.97,5187982
0.97,5187983
0.97,5187984
0.97,5187985
0.97,5191600
0.97,5191601
0.97,5191602
0.97,5191603
0.25,5184377
0.25,5187994
0.25,5187995
0.25,5187996
0.25,5187997
0.25,5191612
0.25,5191613
0.25,5191614
0.25,5191615
1,5195213
1,5195214
1,5195215
1,5195216
1,5198831
1,5198832
1,5198833
1,5198834
1,5202448
1,5202449
1,5202450
1,5202451
1,5206066
1,5206067
1,5206068
1,5206069
1,5209684
1,5209685
1,5209686
1,5209687
0.98,5195217
0.98,5195218
0.98,5195219
0.98,5195220
0.98,5198835
0.98,5198836
0.98,5202452
0.98,5202453
0.98,5202454
0.98,5202455
0.98,5206070
0.98,5206071
0.98,5206072
0.98,5206073
0.98,5209688
0.98,5209689
0.98,5209690
0.98,5209691
0.97,5195221
0.97,5195222
0.97,5195223
0.97,5195224
0.97,5198839
0.97,5198840
0.97,5198841
0.97,5198842
0.97,5202456
0.97,5202457
0.97,5202458
0.97,5202459
0.97,5206074
0.97,5206075
0.97,5206076
0.97,5206077
0.97,5209692
0.97,5209693
0.97,5209694
0.97,5209695
0.98,5195225
0.98,5195226
0.98,5195227
0.98,5195228
0.98,5198843
0.98,5198844
0.98,5202460
0.98,5202461
0.98,5202462
0.98,5202464
0.98,5206078
0.98,5206079
0.98,5206081
0.98,5209696
0.98,5209697
0.98,5209698
0.99,5195229
0.99,5195230
0.99,5195231
0.99,5198847
0.99,5198848
0.99,5198849
0.99,5202465
0.99,5202466
0.99,5206082
1,5213303
1,5213304
1,5216921
1,5216922
1,5220539
1,5224156
1,5224157
1,5227773
1,5227774
1,5227775
0.98,5213305
0.98,5213306
0.98,5213307
0.98,5213308
0.98,5216923
0.98,5216924
0.98,5216925
0.98,5216926
0.98,5220540
0.98,5220541
0.98,5220542
0.98,5220543
0.98,5224158
0.98,5224159
0.98,5224160
0.98,5224161
0.98,5227776
0.98,5227777
0.98,5227778
0.98,5227779
0.95,5213309
0.95,5213310
0.95,5213311
0.95,5213312
0.95,5216928
0.95,5216929
0.95,5216930
0.95,5220544
0.95,5220545
0.95,5220546
0.95,5220547
0.95,5224162
0.95,5224163
0.95,5224164
0.95,5224165
0.95,5227780
0.95,5227781
0.95,5227782
0.95,5227783
0.97,5213313
0.97,5213314
0.97,5216931
0.97,5216932
0.97,5220548
0.97,5220549
0.97,5220550
0.97,5220551
0.97,5224166
0.97,5224167
0.97,5224168
0.97,5224169
0.97,5227784
0.97,5227786
0.97,5227787
0.09,5227788
0.09,5227789
1,5235006
1,5242241
1,5245858
1,5245859
1,5249475
1,5249476
1,5231389
1,5231390
1,5231391
1,5231392
1,5235007
1,5235008
1,5235009
1,5235010
1,5238624
1,5238625
1,5238626
1,5238627
1,5242242
1,5242243
1,5242244
1,5242245
1,5245860
1,5245861
1,5245862
1,5245863
1,5249477
1,5249478
1,5249479
0.97,5231393
0.97,5231394
0.97,5231395
0.97,5231396
0.97,5235011
0.97,5235012
0.97,5235013
0.97,5235014
0.97,5238628
0.97,5238629
0.97,5238630
0.97,5238631
0.97,5242246
0.97,5242247
0.97,5242248
0.97,5242249
0.97,5245864
0.97,5245866
0.97,5245867
0.97,5249481
0.97,5249482
0.97,5249483
0.97,5249484
0.95,5231397
0.95,5231398
0.95,5231399
0.95,5231400
0.95,5235015
0.95,5235016
0.95,5235017
0.95,5235018
0.95,5238632
0.95,5238633
0.95,5238634
0.95,5238635
0.95,5242250
0.95,5242251
0.95,5242252
0.95,5242253
0.95,5245868
0.95,5245869
0.95,5245870
0.95,5245871
0.95,5249485
0.95,5249486
0.95,5249487
0.95,5249488
0.95,5231401
0.95,5235020
0.95,5238636
0.95,5238637
0.95,5238638
0.95,5242254
1,5253093
1,5253094
1,5256711
1,5256712
1,5260328
1,5260329
1,5263945
1,5263946
1,5263947
1,5267562
1,5267563
0.98,5253095
0.98,5253096
0.98,5253097
0.98,5253098
0.98,5256713
0.98,5256714
0.98,5256716
0.98,5260330
0.98,5260331
0.98,5267566
0.09,5253102
0.09,5256717
0.09,5256719
0.09,5256720
0.09,5260334
0.09,5260335
0.09,5260336
0.09,5260337
0.09,5263955
0.94,5253103
0.94,5253104
0.94,5253105
0.94,5253106
0.94,5256721
0.94,5256722
0.94,5256723
0.94,5256724
0.94,5260338
0.94,5260339
0.94,5260340
0.94,5260341
0.94,5263956
0.94,5263957
0.94,5263958
0.94,5263959
0.94,5267574
0.94,5267575
0.09,5253107
0.99,5271177
0.99,5271178
0.99,5274794
0.99,5274795
0.99,5278411
0.99,5278412
0.99,5278413
0.99,5278414
0.99,5282029
0.99,5282030
0.99,5282031
0.99,5285647
0.99,5285648
0.99,5285649
0.99,5289265
0.99,5289266
0.99,5271179
0.99,5271182
0.99,5274797
0.99,5274798
0.99,5274799
0.99,5274800
0.99,5278415
0.99,5278416
0.99,5278417
0.99,5282032
0.99,5282033
0.99,5282034
0.99,5282035
0.99,5285650
0.99,5285651
0.99,5285652
0.99,5289267
0.99,5289268
0.98,5271183
0.98,5278418
0.98,5278421
0.98,5282036
0.98,5282037
0.98,5282038
0.98,5282039
0.98,5285654
0.98,5285655
0.98,5285656
0.98,5285657
0.98,5289274
0.96,5274808
0.96,5278422
0.96,5282040
0.96,5282041
0.96,5282042
0.96,5282043
0.96,5285658
0.96,5285659
0.96,5285660
0.96,5289275
0.96,5289276
0.96,5289277
0.96,5289278
0.93,5271191
0.93,5271192
0.93,5271193
0.93,5274809
0.93,5289279
0.97,5292892
0.97,5296509
0.97,5296510
0.97,5300127
0.97,5303745
0.97,5307362
0.97,5307363
0.96,5292893
0.96,5292894
0.96,5292895
0.96,5292896
0.96,5296511
0.96,5296512
0.96,5296513
0.96,5296514
0.96,5300128
0.96,5300129
0.96,5300130
0.96,5300131
0.96,5303746
0.96,5303748
0.96,5307364
0.08,5292897
0.08,5296515
0.08,5300132
0.93,5310976
0.93,5314591
0.93,5314592
0.93,5314593
0.93,5314594
0.93,5318209
0.93,5318210
0.93,5318211
0.93,5318212
0.93,5321826
0.93,5321827
0.93,5321828
0.93,5321829
0.93,5325444
0.93,5325445
0.93,5325446
0.92,5310979
0.92,5310980
0.92,5314595
0.92,5314596
0.92,5314597
0.92,5314598
0.92,5318213
0.92,5318214
0.92,5318215
0.92,5318216
0.92,5321830
0.92,5321831
0.92,5321832
0.92,5321833
0.92,5325449
0.92,5325450
0.92,5325451
0.9,5310981
0.9,5310982
0.9,5310983
0.9,5310984
0.9,5314599
0.9,5314600
0.9,5314601
0.9,5314602
0.9,5318217
0.9,5318218
0.9,5318219
0.9,5318220
0.9,5321834
0.9,5321835
0.9,5321836
0.9,5321837
0.9,5325452
0.9,5325453
0.9,5325454
0.9,5325455
0.88,5310987
0.88,5314604
0.88,5314605
0.88,5318222
0.88,5318223
0.88,5321838
0.88,5321839
0.88,5321840
0.88,5321841
0.88,5325456
0.88,5325457
0.88,5325458
0.88,5325459
0.08,5321842
0.08,5325460
0.08,5325461
0.89,5329062
0.89,5329063
0.89,5329064
0.89,5329065
0.89,5332679
0.89,5332680
0.89,5332681
0.89,5332682
0.89,5336297
0.89,5336298
0.89,5336299
0.89,5336300
0.89,5339915
0.89,5339916
0.89,5339917
0.89,5339918
0.89,5343533
0.89,5343534
0.89,5343535
0.89,5347150
0.89,5347151
0.89,5347152
0.89,5347153
0.86,5329066
0.86,5329067
0.86,5329068
0.86,5329069
0.86,5332683
0.86,5332684
0.86,5332685
0.86,5332686
0.86,5336302
0.86,5336303
0.86,5336304
0.86,5339919
0.86,5339920
0.86,5339921
0.86,5339922
0.86,5343536
0.86,5343537
0.86,5343538
0.86,5343539
0.86,5347154
0.86,5347155
0.86,5347156
0.86,5347157
0.86,5329070
0.86,5329071
0.86,5329072
0.86,5332687
0.86,5332688
0.86,5332689
0.86,5336305
0.86,5336306
0.86,5336307
0.86,5339923
0.86,5339924
0.86,5339925
0.86,5343540
0.86,5343541
0.86,5343542
0.86,5343543
0.86,5347158
0.86,5347159
0.86,5347160
0.86,5347161
0.85,5329073
0.85,5329074
0.85,5329075
0.85,5329076
0.85,5332691
0.85,5332692
0.85,5332693
0.85,5332694
0.85,5336311
0.85,5336312
0.85,5343544
0.08,5329077
0.08,5329078
0.08,5329079
0.08,5332695
0.08,5332696
0.08,5336313
0.82,5350776
0.82,5350778
0.82,5350779
0.82,5354393
0.82,5354394
0.82,5354395
0.82,5354396
0.82,5358011
0.82,5358012
0.82,5358013
0.82,5358014
0.82,5361629
0.82,5365246
0.82,5365247
0.07,5365251
0.83,5368856
0.83,5368857
0.83,5368858
0.83,5368859
0.83,5372474
0.83,5372475
0.83,5372476
0.83,5372477
0.83,5376092
0.83,5376093
0.83,5376094
0.83,5376095
0.83,5379709
0.83,5379710
0.83,5379711
0.83,5379712
0.83,5383327
0.83,5383328
0.83,5383329
0.07,5368860
0.07,5368861
0.07,5368863
0.07,5372478
0.07,5372479
0.07,5372481
0.07,5376096
0.07,5379713
0.07,5379714
0.07,5379715
0.07,5379716
0.07,5383331
0.07,5383332
0.07,5383333
0.07,5383334
0.78,5368864
0.78,5368865
0.78,5368867
0.78,5372482
0.78,5372484
0.78,5372485
0.78,5376099
0.78,5376100
0.78,5376101
0.78,5376102
0.78,5379717
0.78,5379718
0.78,5379719
0.78,5379720
0.78,5383335
0.78,5383336
0.78,5383337
0.78,5383338
0.79,5368868
0.79,5368869
0.79,5376103
0.79,5379721
0.79,5379722
0.81,5386945
0.81,5386946
0.81,5386947
0.81,5386948
0.81,5390563
0.81,5390564
0.81,5390565
0.81,5394180
0.81,5394181
0.81,5394182
0.81,5397798
0.81,5397799
0.81,5397800
0.81,5397801
0.81,5401416
0.81,5401417
0.81,5401418
0.81,5401419
0.77,5386949
0.77,5386950
0.77,5386952
0.77,5390566
0.77,5390567
0.77,5390568
0.77,5390569
0.77,5394184
0.77,5394185
0.77,5394186
0.77,5394187
0.77,5397802
0.77,5397803
0.77,5397805
0.77,5401420
0.77,5401421
0.77,5401422
0.75,5386953
0.75,5386954
0.75,5386955
0.75,5390570
0.75,5390571
0.75,5390573
0.75,5394188
0.75,5394189
0.75,5394190
0.75,5394191
0.75,5397806
0.75,5397807
0.75,5401423
0.75,5401424
0.75,5401425
0.75,5401426
0.07,5386956
0.07,5386957
0.07,5390574
0.07,5390575
0.07,5390576
0.07,5394192
0.07,5394193
0.07,5394194
0.07,5397810
0.07,5401427
0.8,5405033
0.8,5405034
0.8,5405035
0.8,5405036
0.8,5408651
0.8,5408652
0.8,5408653
0.8,5408654
0.8,5412269
0.8,5412270
0.8,5412271
0.8,5412272
0.8,5415887
0.8,5415888
0.8,5415889
0.8,5419504
0.8,5419505
0.8,5419506
0.8,5419507
0.8,5423122
0.8,5423123
0.8,5423124
0.8,5423125
0.75,5405037
0.75,5405038
0.75,5405039
0.75,5405040
0.75,5408655
0.75,5408656
0.75,5408657
0.75,5408658
0.75,5412273
0.75,5412274
0.75,5412275
0.75,5415890
0.75,5415891
0.75,5415892
0.75,5415893
0.75,5419508
0.75,5419509
0.75,5419510
0.75,5419511
0.75,5423126
0.75,5423127
0.75,5423128
0.75,5423129
0.71,5405041
0.71,5405042
0.71,5405043
0.71,5405044
0.71,5408659
0.71,5408660
0.71,5408661
0.71,5412276
0.71,5412277
0.71,5412278
0.71,5412279
0.71,5415894
0.71,5415895
0.71,5415896
0.71,5415897
0.71,5419512
0.71,5419513
0.71,5419514
0.71,5419515
0.71,5423130
0.71,5423131
0.71,5423132
0.07,5405045
0.07,5405046
0.07,5408663
0.07,5412280
0.07,5415898
0.07,5419518
0.07,5423133
0.07,5423134
0.07,5423135
0.07,5423136
0.78,5426740
0.78,5426741
0.78,5426742
0.78,5426743
0.78,5430358
0.78,5430359
0.78,5430360
0.78,5433975
0.78,5433976
0.78,5433977
0.78,5433978
0.78,5437593
0.78,5437594
0.78,5437595
0.78,5437596
0.78,5441212
0.78,5441213
0.78,5441214
0.73,5426744
0.73,5426745
0.73,5426746
0.73,5430361
0.73,5430362
0.73,5430363
0.73,5430364
0.73,5433979
0.73,5433980
0.73,5433981
0.73,5433982
0.73,5437597
0.73,5437598
0.73,5437599
0.73,5437600
0.73,5441215
0.73,5441216
0.73,5441217
0.13,5426747
0.13,5426748
0.13,5426749
0.13,5426750
0.13,5430365
0.13,5430366
0.13,5430367
0.13,5430368
0.13,5433983
0.13,5433984
0.13,5433985
0.13,5433986
0.13,5437601
0.13,5437602
0.13,5437603
0.13,5441218
0.13,5441219
0.13,5441220
0.13,5441221
0.69,5426751
0.69,5426752
0.69,5426753
0.69,5426754
0.69,5430370
0.69,5430371
0.69,5430372
0.69,5433987
0.69,5433988
0.69,5437604
0.69,5437605
0.69,5437606
0.69,5441222
0.69,5441223
0.77,5444830
0.77,5444831
0.77,5448447
0.77,5448448
0.77,5448449
0.77,5452064
0.77,5452065
0.77,5452066
0.77,5452067
0.77,5455682
0.77,5455683
0.77,5455684
0.77,5459300
0.77,5459301
0.77,5459302
0.71,5444832
0.71,5444833
0.71,5444834
0.71,5444835
0.71,5448450
0.71,5448451
0.71,5448452
0.71,5448453
0.71,5452068
0.71,5452069
0.71,5452070
0.71,5455685
0.71,5455686
0.71,5455687
0.71,5455688
0.71,5459303
0.71,5459304
0.71,5459305
0.71,5459306
0.66,5444836
0.66,5444837
0.66,5444838
0.66,5444839
0.66,5448454
0.66,5448455
0.66,5448456
0.66,5452071
0.66,5452072
0.66,5452073
0.66,5452074
0.66,5455689
0.66,5455690
0.66,5455691
0.66,5455692
0.66,5459307
0.66,5459308
0.66,5459309
0.66,5459310
0.66,5448457
0.66,5448458
0.66,5448459
0.66,5448460
0.66,5452075
0.66,5452076
0.66,5452077
0.66,5455693
0.66,5455694
0.66,5455695
0.66,5459311
0.66,5459312
0.66,5459313
0.66,5459316
0.66,5459317
0.06,5459318
0.74,5462917
0.74,5462918
0.74,5462919
0.74,5462920
0.74,5466535
0.74,5466536
0.74,5466537
0.74,5466538
0.74,5470153
0.74,5470154
0.74,5470155
0.74,5473772
0.74,5473773
0.74,5477388
0.74,5477389
0.74,5477390
0.74,5477391
0.69,5462921
0.69,5462922
0.69,5462923
0.69,5462924
0.69,5466539
0.69,5466540
0.69,5466541
0.69,5470156
0.69,5470157
0.69,5470158
0.69,5470159
0.69,5473774
0.69,5473775
0.69,5473776
0.69,5473777
0.69,5477392
0.69,5477393
0.69,5477394
0.69,5477395
0.65,5462925
0.65,5462926
0.65,5462927
0.65,5466542
0.65,5466543
0.65,5466544
0.65,5466545
0.65,5470160
0.65,5470161
0.65,5470162
0.65,5470163
0.65,5473778
0.65,5473779
0.65,5473780
0.65,5473781
0.65,5477396
0.65,5477397
0.65,5477398
0.63,5462928
0.63,5462929
0.63,5462930
0.63,5462931
0.63,5466546
0.63,5466547
0.63,5466548
0.63,5466549
0.63,5470164
0.63,5470165
0.63,5470166
0.63,5470167
0.63,5473782
0.63,5473783
0.63,5473784
0.63,5477399
0.63,5477400
0.63,5477401
0.63,5477402
0.64,5462935
0.64,5466550
0.64,5466551
0.64,5466552
0.64,5470168
0.64,5470169
0.64,5470170
0.64,5473785
0.64,5473786
0.64,5473787
0.64,5473788
0.64,5477403
0.64,5477404
0.64,5477405
0.64,5477406
0.64,5462936
0.64,5462937
0.64,5462938
0.64,5466554
0.64,5466555
0.64,5466556
0.64,5470171
0.64,5470172
0.64,5470173
0.64,5470174
0.64,5473789
0.64,5473790
0.64,5473791
0.64,5473792
0.64,5477407
0.64,5477408
0.64,5477409
0.64,5477410
0.64,5470175
0.64,5473793
0.7,5481010
0.7,5481011
0.7,5481012
0.7,5484628
0.7,5484629
0.7,5484630
0.7,5488245
0.7,5488246
0.7,5488247
0.7,5488248
0.7,5491863
0.7,5491864
0.7,5491865
0.7,5491866
0.7,5495481
0.7,5495482
0.7,5495483
0.7,5495484
0.41,5481013
0.41,5481014
0.41,5481015
0.41,5481016
0.41,5484631
0.41,5484632
0.41,5484633
0.41,5484634
0.41,5488249
0.41,5488250
0.41,5488251
0.41,5488252
0.41,5491867
0.41,5491868
0.41,5491869
0.41,5495485
0.41,5495486
0.41,5495487
0.62,5481017
0.62,5481018
0.62,5481019
0.62,5481020
0.62,5484635
0.62,5484636
0.62,5484637
0.62,5484638
0.62,5488253
0.62,5488254
0.62,5488255
0.62,5491870
0.62,5491871
0.62,5491872
0.62,5491873
0.62,5495488
0.62,5495489
0.62,5495490
0.62,5495491
0.61,5481021
0.61,5481022
0.61,5481023
0.61,5481024
0.61,5484639
0.61,5484640
0.61,5484641
0.61,5488256
0.61,5488257
0.61,5488259
0.61,5495492
0.61,5495494
0.61,5481025
0.61,5481026
0.61,5481027
0.61,5484642
0.61,5484643
0.61,5484644
0.61,5484645
0.61,5488260
0.61,5488261
0.61,5488263
0.61,5491879
0.61,5491880
0.61,5495496
0.61,5495497
0.61,5495498
0.61,5484646
0.61,5488264
0.61,5491881
0.61,5495499
0.66,5499102
0.66,5499103
0.66,5499104
0.66,5499105
0.66,5502720
0.66,5502721
0.66,5502722
0.66,5502723
0.66,5506338
0.66,5506339
0.66,5506340
0.66,5509956
0.66,5509957
0.66,5509958
0.66,5513573
0.66,5513574
0.66,5513575
0.66,5513576
0.62,5499106
0.62,5499107
0.62,5499108
0.62,5499109
0.62,5502724
0.62,5502725
0.62,5502726
0.62,5506341
0.62,5506342
0.62,5506343
0.62,5506344
0.62,5509959
0.62,5509960
0.62,5509961
0.62,5509962
0.62,5513577
0.62,5513578
0.62,5513579
0.62,5513580
0.61,5499110
0.61,5499111
0.61,5499112
0.61,5502727
0.61,5502728
0.61,5502729
0.61,5506345
0.61,5506346
0.61,5506347
0.61,5506348
0.61,5509963
0.61,5509964
0.61,5509966
0.61,5513581
0.61,5513582
0.59,5499113
0.59,5499114
0.59,5499115
0.59,5499116
0.59,5502731
0.59,5502732
0.59,5502733
0.59,5502734
0.59,5506349
0.59,5506350
0.59,5506351
0.59,5509967
0.59,5509968
0.59,5509969
0.59,5513584
0.59,5513585
0.58,5499117
0.58,5499118
0.58,5499119
0.58,5499120
0.58,5502735
0.58,5502736
0.58,5502737
0.58,5506352
0.58,5506353
0.58,5506354
0.58,5506355
0.58,5509970
0.59,5499121
0.59,5499122
0.59,5499123
0.59,5502738
0.59,5502739
0.59,5502740
0.59,5502741
0.59,5506356
0.59,5506357
0.59,5506358
0.59,5509977
0.59,5513593
0.59,5513594
0.65,5517195
0.65,5517196
0.65,5517197
0.65,5520813
0.65,5520814
0.65,5520815
0.65,5524430
0.65,5524431
0.65,5524432
0.65,5524433
0.65,5528048
0.65,5528049
0.65,5528050
0.65,5528051
0.65,5531666
0.65,5531667
0.65,5531668
0.65,5531669
0.62,5517198
0.62,5517199
0.62,5517200
0.62,5517201
0.62,5520816
0.62,5520817
0.62,5520818
0.62,5520819
0.62,5524434
0.62,5524435
0.62,5524436
0.62,5524437
0.62,5528052
0.62,5528053
0.62,5528054
0.62,5531670
0.62,5531671
0.62,5531672
0.61,5517202
0.61,5517203
0.61,5520820
0.61,5520821
0.61,5520822
0.61,5524438
0.61,5524439
0.61,5524440
0.61,5528055
0.61,5528056
0.61,5528057
0.61,5528058
0.61,5531673
0.61,5531674
0.61,5531675
0.61,5531676
0.6,5517206
0.6,5517207
0.6,5517208
0.6,5520823
0.6,5520824
0.6,5520825
0.6,5520826
0.6,5524441
0.6,5524442
0.6,5524443
0.6,5524444
0.6,5528059
0.6,5528061
0.6,5528062
0.6,5531677
0.6,5531679
0.6,5517210
0.6,5517211
0.6,5517212
0.6,5520827
0.6,5520828
0.6,5520829
0.6,5520830
0.6,5524445
0.6,5524446
0.6,5524447
0.6,5528063
0.6,5528064
0.6,5531680
0.6,5531681
0.6,5531682
0.6,5517213
0.6,5517214
0.6,5520831
0.6,5528069
0.6,5531687
0.56,5531699
0.56,5531700
0.65,5535287
0.65,5535288
0.65,5535289
0.65,5535290
0.65,5538905
0.65,5538906
0.65,5538907
0.65,5538908
0.65,5542523
0.65,5542524
0.65,5542525
0.65,5546141
0.65,5546142
0.65,5549758
0.65,5549759
0.65,5549760
0.65,5549761
0.65,5553376
0.65,5553377
0.65,5553378
0.65,5553379
0.63,5535291
0.63,5535292
0.63,5535293
0.63,5535294
0.63,5538909
0.63,5538910
0.63,5538911
0.63,5542526
0.63,5542527
0.63,5542528
0.63,5546144
0.63,5546145
0.63,5546146
0.63,5549762
0.63,5549763
0.63,5549764
0.63,5553380
0.63,5553381
0.63,5553382
0.62,5535295
0.62,5535296
0.62,5538912
0.62,5538913
0.62,5538914
0.62,5538915
0.62,5542530
0.62,5542531
0.62,5542532
0.62,5542533
0.62,5546149
0.62,5546150
0.62,5549766
0.62,5549767
0.62,5549768
0.62,5553383
0.62,5553384
0.62,5553385
0.62,5553386
0.61,5535298
0.61,5535299
0.61,5542534
0.61,5542535
0.61,5546151
0.61,5546152
0.61,5546153
0.61,5546154
0.61,5549769
0.61,5549770
0.61,5549771
0.61,5549772
0.61,5553387
0.61,5553388
0.61,5553389
0.61,5553390
0.6,5542540
0.6,5546155
0.6,5546158
0.6,5549773
0.6,5549774
0.6,5549775
0.6,5553391
0.6,5553392
0.6,5553393
0.6,5535305
0.6,5535306
0.6,5535307
0.6,5535308
0.6,5538923
0.6,5538924
0.6,5538925
0.6,5538926
0.6,5542541
0.6,5542542
0.6,5542543
0.6,5542544
0.6,5546159
0.6,5546160
0.6,5546161
0.6,5549776
0.6,5549777
0.6,5549778
0.6,5553394
0.6,5553395
0.6,5553396
0.6,5553397
0.6,5535309
0.6,5535310
0.6,5535311
0.6,5535312
0.6,5538927
0.6,5538928
0.6,5538929
0.6,5542545
0.6,5542546
0.6,5542547
0.6,5546162
0.6,5546163
0.6,5546164
0.6,5549780
0.6,5549781
0.6,5549782
0.6,5553398
0.6,5553399
0.6,5553400
0.58,5535313
0.58,5535314
0.58,5535315
0.58,5538930
0.58,5538931
0.58,5538932
0.58,5538933
0.58,5542548
0.58,5542549
0.58,5553401
0.46,5535316
0.46,5535317
0.46,5538934
0.65,5556998
0.65,5556999
0.65,5557000
0.65,5560615
0.65,5560616
0.65,5560617
0.65,5560618
0.65,5564233
0.65,5564234
0.65,5564235
0.65,5564236
0.65,5567851
0.65,5567852
0.65,5567853
0.65,5567854
0.65,5571469
0.65,5571470
0.65,5571471
0.63,5557001
0.63,5557002
0.63,5557003
0.63,5557004
0.63,5560619
0.63,5560620
0.63,5560621
0.63,5560622
0.63,5564237
0.63,5564238
0.63,5564239
0.63,5567855
0.63,5567856
0.63,5567857
0.63,5571472
0.63,5571473
0.63,5571474
0.63,5571475
0.61,5557005
0.61,5557006
0.61,5557007
0.61,5560623
0.61,5560624
0.61,5560625
0.61,5564240
0.61,5564241
0.61,5564242
0.61,5564243
0.61,5567858
0.61,5567859
0.61,5567860
0.61,5567861
0.61,5571476
0.61,5571477
0.61,5571478
0.61,5571479
0.6,5557008
0.6,5557009
0.6,5557010
0.6,5557011
0.6,5560626
0.6,5560627
0.6,5560628
0.6,5560629
0.6,5564244
0.6,5564245
0.6,5564246
0.6,5564247
0.6,5567862
0.6,5567863
0.6,5567864
0.6,5571480
0.6,5571481
0.6,5571482
0.59,5557012
0.59,5557013
0.59,5557014
0.59,5557015
0.59,5560630
0.59,5560631
0.59,5560632
0.59,5564248
0.59,5564249
0.59,5564250
0.59,5567865
0.59,5567866
0.59,5567867
0.59,5567868
0.59,5571483
0.59,5571484
0.59,5571485
0.59,5571486
0.58,5557016
0.58,5557017
0.58,5557018
0.58,5560633
0.58,5560634
0.58,5560635
0.58,5560636
0.58,5564251
0.58,5564252
0.58,5564253
0.58,5564254
0.58,5567869
0.58,5567870
0.58,5567871
0.58,5571487
0.58,5571488
0.58,5571489
0.56,5557019
0.56,5560637
0.56,5560638
0.56,5560639
0.56,5560640
0.56,5564255
0.56,5564256
0.56,5564257
0.56,5567872
0.56,5567873
0.56,5567874
0.56,5567875
0.56,5571490
0.56,5571491
0.56,5571492
0.56,5564258
0.56,5564259
0.56,5564260
0.56,5567876
0.56,5567877
0.56,5567878
0.56,5567879
0.56,5571495
0.56,5571496
0.05,5571497
0.61,5575097
0.61,5575098
0.61,5575099
0.61,5575100
0.61,5578715
0.61,5578716
0.61,5578717
0.61,5578718
0.61,5582333
0.61,5582334
0.61,5582335
0.61,5585951
0.61,5585952
0.61,5585953
0.61,5589568
0.61,5589569
0.61,5589570
0.61,5589571
0.59,5575101
0.59,5575102
0.59,5575103
0.59,5578719
0.59,5578720
0.59,5578721
0.59,5582336
0.59,5582337
0.59,5582338
0.59,5582339
0.59,5585954
0.59,5585955
0.59,5585956
0.59,5585957
0.59,5589572
0.59,5589573
0.59,5589574
0.59,5589575
0.58,5575104
0.58,5575105
0.58,5575106
0.58,5578722
0.58,5578724
0.58,5578725
0.58,5582340
0.58,5582341
0.58,5582342
0.58,5582343
0.58,5585958
0.58,5585959
0.58,5585960
0.58,5589576
0.58,5589577
0.58,5589578
0.57,5575109
0.57,5578726
0.57,5578727
0.57,5578728
0.57,5582344
0.57,5582345
0.57,5582346
0.57,5585961
0.57,5585962
0.57,5585963
0.57,5585964
0.57,5589579
0.57,5589580
0.57,5589581
0.57,5589582
0.57,5575112
0.57,5575113
0.57,5578729
0.57,5578730
0.57,5582350
0.57,5585965
0.57,5585966
0.57,5585967
0.57,5589583
0.57,5589584
0.57,5589585
0.58,5582351
0.58,5582352
0.58,5582353
0.58,5585969
0.58,5585970
0.58,5585971
0.58,5589586
0.58,5589587
0.58,5589588
0.58,5589589
0.6,5593197
0.6,5593198
0.6,5593199
0.6,5596815
0.6,5596817
0.6,5600432
0.6,5600433
0.6,5600434
0.6,5600435
0.6,5604050
0.6,5604051
0.6,5604052
0.6,5604053
0.6,5607668
0.6,5607669
0.6,5607670
0.6,5607671
0.59,5593200
0.59,5593201
0.59,5593203
0.59,5596818
0.59,5596819
0.59,5596820
0.59,5596821
0.59,5600436
0.59,5600437
0.59,5600438
0.59,5604054
0.59,5604055
0.59,5604056
0.59,5607672
0.59,5607673
0.59,5607674
0.59,5593204
0.59,5593205
0.59,5593206
0.59,5596822
0.59,5596823
0.59,5596824
0.59,5600439
0.59,5600440
0.59,5600441
0.59,5600442
0.59,5604057
0.59,5604058
0.59,5604059
0.59,5604060
0.59,5607675
0.59,5607676
0.59,5607677
0.59,5607678
0.59,5593207
0.59,5593208
0.59,5593209
0.59,5593210
0.59,5596825
0.59,5596826
0.59,5596827
0.59,5596828
0.59,5600443
0.59,5600444
0.59,5600445
0.59,5600446
0.59,5604061
0.59,5604062
0.59,5604063
0.59,5607679
0.59,5607680
0.59,5607681
0.6,5596829
0.6,5596830
0.6,5596831
0.6,5600447
0.6,5600448
0.6,5600449
0.6,5604064
0.6,5604065
0.6,5604066
0.6,5604067
0.6,5607682
0.6,5607683
0.6,5607684
0.6,5607685
0.61,5593217
0.61,5596832
0.61,5596833
0.61,5596835
0.61,5600450
0.61,5600451
0.61,5600452
0.61,5600453
0.61,5604068
0.61,5604069
0.61,5604070
0.61,5607686
0.61,5607687
0.61,5607688
0.61,5593218
0.61,5593219
0.61,5593220
0.61,5593221
0.61,5596836
0.61,5596837
0.61,5596838
0.61,5600454
0.61,5600455
0.61,5600456
0.61,5604071
0.61,5604072
0.61,5604073
0.61,5604074
0.61,5607689
0.61,5607690
0.61,5607691
0.61,5607692
0.63,5611289
0.63,5611290
0.63,5611291
0.63,5611292
0.63,5614907
0.63,5614908
0.63,5614909
0.63,5614910
0.63,5618525
0.63,5618526
0.63,5618527
0.63,5622143
0.63,5622144
0.63,5622145
0.63,5625760
0.63,5625761
0.63,5625762
0.63,5625763
0.62,5611293
0.62,5611294
0.62,5611295
0.62,5614911
0.62,5614912
0.62,5614913
0.62,5618528
0.62,5618529
0.62,5618530
0.62,5618531
0.62,5622146
0.62,5622147
0.62,5622148
0.62,5622149
0.62,5625764
0.62,5625765
0.62,5625766
0.62,5611296
0.62,5611297
0.62,5611298
0.62,5611299
0.62,5614914
0.62,5614915
0.62,5614916
0.62,5614917
0.62,5618532
0.62,5618533
0.62,5618534
0.62,5622150
0.62,5622151
0.62,5622152
0.62,5625767
0.62,5625768
0.62,5625769
0.62,5625770
0.62,5611300
0.62,5611301
0.62,5611302
0.62,5614918
0.62,5614919
0.62,5614920
0.62,5618535
0.62,5618536
0.62,5618537
0.62,5618538
0.62,5622153
0.62,5622154
0.62,5622155
0.62,5622156
0.62,5625771
0.62,5625772
0.62,5625773
0.62,5611303
0.62,5611304
0.62,5611305
0.62,5611306
0.62,5614921
0.62,5614922
0.62,5614923
0.62,5614924
0.62,5618539
0.62,5618540
0.62,5618541
0.62,5622157
0.62,5622158
0.62,5622159
0.62,5625774
0.62,5625775
0.62,5625776
0.62,5625777
