cell_id,therm_prs
1487844,0
1527596,0
1527597,0
1531213,0
1549296,0
1549297,0
1570964,0
1570965,0
1570966,0
1574581,0
1589043,0
1592659,0
1592660,0
1610737,0
1610738,0
1610739,0
1614354,0
1632432,0
1632433,0
1636049,0
1639665,0
1650510,0
1650511,0
1650512,0
1650513,0
1650514,0
1654127,0
1654128,0
1654129,0
1657743,0
1657744,0
1657745,0
1661360,0
1661361,0
1661362,0
1664977,0
1664978,0
1668593,0
1668594,0
1672210,0
1672211,0
1675826,0
1675827,0
1675828,0
1679443,0
1679444,0
1683059,0
1683060,0
1683061,0
1686676,0
1686677,0
1690292,0
1690293,0
1693909,0
1697525,0
1697526,0
1701142,0
1701143,0
1704758,0
1708375,0
1711991,0
1715608,0
1722841,0
1726458,0
1730074,0
1730075,0
1733686,0
1733687,0
1733688,0
1733689,0
1733690,0
1733691,0
1737303,0
1737304,0
1737305,0
1737306,0
1737307,0
1740919,0
1740920,0
1740921,0
1740922,0
1740923,0
1744536,0
1744537,0
1744538,0
1748153,0
1748154,0
1751769,0
1751770,0
1751771,0
1755381,0
1755382,0
1755383,0
1755384,0
1755385,0
1758998,0
1758999,0
1759000,0
1759001,0
1762614,0
1762615,0
1762616,0
1762617,0
1762618,0
1766231,0
1766232,0
1766233,0
1769847,0
1769848,0
1769849,0
1773460,0
1773461,0
1773462,0
1773463,0
1773464,0
1777076,0
1777077,0
1777078,0
1777079,0
1777080,0
1780693,0
1780694,0
1780695,0
1780696,0
1780697,0
1784309,0
1784310,0
1784311,0
1784312,0
1784313,0
1787926,0
1787927,0
1787928,0
1791542,0
1791543,0
1791544,0
1795154,0
1795155,0
1795156,0
1795157,0
1795158,0
1795159,0
1795160,0
1798771,0
1798772,0
1798773,0
1798774,0
1798775,0
1802388,0
1802389,0
1802390,0
1806004,0
1806005,0
1806006,0
1806007,0
1809621,0
1809622,0
1813237,0
1816845,0
1816846,0
1816847,0
1816848,0
1816849,0
1816850,0
1816851,0
1816852,0
1816853,0
1816854,0
1820461,0
1820462,0
1820463,0
1820464,0
1820465,0
1820466,0
1820467,0
1820468,0
1824078,0
1824079,0
1824080,0
1824081,0
1824082,0
1824083,0
1824084,0
1827695,0
1827696,0
1827697,0
1827698,0
1827699,0
1831311,0
1831312,0
1834928,0
1838535,0
1838536,0
1838537,0
1838538,0
1838539,0
1838540,0
1838541,0
1838542,0
1838543,0
1838544,0
1842152,0
1842153,0
1842154,0
1842155,0
1842156,0
1842157,0
1842158,0
1845768,0
1845769,0
1845770,0
1845771,0
1845772,0
1845773,0
1845774,0
1849385,0
1849386,0
1849387,0
1849388,0
1853002,0
1853003,0
1853004,0
1853005,0
1856614,0
1856615,0
1856616,0
1856617,0
1856618,0
1856619,0
1856620,0
1860230,0
1860231,0
1860232,0
1860233,0
1860234,0
1860235,0
1860236,0
1860362,0
1860363,0
1860364,0
1863847,0
1863848,0
1863849,0
1863850,0
1863851,0
1863978,0
1863979,0
1863980,0
1863981,0
1867463,0
1867464,0
1867465,0
1867466,0
1867595,0
1867596,0
1867597,0
1871080,0
1871081,0
1871082,0
1871083,0
1874697,0
1878309,0
1878310,0
1878311,0
1878312,0
1878313,0
1881925,0
1881926,0
1881927,0
1881928,0
1881929,0
1885542,0
1885543,0
1885544,0
1885545,0
1889158,0
1889159,0
1889160,0
1889161,0
1892775,0
1892776,0
1892777,0
1896392,0
1896393,0
1900008,0
1900009,0
1900010,0
1903625,0
1907241,0
1907242,0
1910858,0
1910859,0
1914474,0
1914475,0
1918091,0
1921703,0
1921704,0
1921705,0
1921706,0
1921707,0
1925320,0
1925321,0
1925322,0
1925323,0
1928936,0
1928937,0
1928938,0
1928939,0
1928940,0
1932553,0
1932554,0
1932555,0
1936169,0
1936170,0
1936171,0
1936172,0
1939786,0
1939787,0
1939788,0
1939789,0
1943403,0
1943404,0
1943405,0
1947019,0
1947020,0
1947021,0
1950636,0
1950637,0
1950638,0
1954252,0
1954253,0
1954254,0
1957869,0
1957870,0
1957871,0
1961486,0
1961487,0
1965038,0
1965039,0
1965040,0
1965041,0
1965042,0
1965046,0
1965047,0
1965048,0
1965049,0
1965050,0
1965051,0
1965102,0
1965103,0
1965104,0
1968655,0
1968656,0
1968666,0
1968667,0
1968719,0
1968720,0
1968721,0
1972271,0
1972272,0
1972282,0
1972283,0
1972284,0
1972335,0
1972336,0
1972337,0
1975888,0
1975899,0
1975900,0
1975901,0
1975952,0
1975953,0
1975954,0
1979517,0
1979569,0
1979570,0
1983116,0
1983117,0
1983118,0
1983119,0
1983120,0
1983121,0
1983135,0
1983136,0
1983137,0
1983138,0
1983185,0
1983186,0
1983187,0
1986733,0
1986734,0
1986735,0
1986736,0
1986737,0
1986751,0
1986752,0
1986753,0
1986754,0
1986755,0
1986802,0
1986803,0
1986804,0
1990368,0
1990369,0
1990370,0
1990371,0
1990419,0
1990420,0
1993987,0
1993988,0
1994035,0
1994036,0
1994037,0
1997652,0
1997653,0
2001268,0
2001269,0
2001270,0
2001271,0
2026483,0
2026484,0
2026485,0
2026486,0
2026487,0
2026488,0
2026489,0
2026490,0
2026491,0
2026492,0
2026493,0
2026494,0
2026495,0
2026544,0
2026545,0
2026546,0
2026547,0
2030100,0
2030101,0
2030102,0
2030103,0
2030104,0
2030105,0
2030106,0
2030107,0
2030108,0
2030109,0
2030110,0
2030163,0
2033721,0
2033722,0
2033723,0
2033724,0
2033725,0
2037337,0
2037338,0
2037339,0
2037340,0
2037341,0
2037342,0
2037397,0
2048141,0
2048142,0
2048143,0
2048144,0
2048145,0
2048146,0
2048163,0
2051757,0
2051758,0
2051759,0
2051760,0
2073613,0
2073614,0
2073615,0
2073616,0
2073617,0
2073618,0
2073619,0
2077230,0
2077231,0
2077232,0
2077233,0
2077234,0
2077235,0
2077236,0
2077237,0
2077238,0
2080846,0
2080847,0
2080848,0
2080849,0
2080850,0
2080851,0
2080852,0
2080853,0
2080854,0
2080855,0
2080856,0
2080857,0
2084463,0
2084464,0
2084465,0
2084466,0
2084467,0
2084468,0
2084469,0
2084470,0
2084471,0
2084472,0
2084473,0
2084474,0
2088072,0
2088080,0
2088081,0
2088082,0
2088083,0
2088084,0
2088085,0
2088086,0
2088087,0
2088088,0
2088089,0
2088090,0
2088091,0
2088092,0
2088093,0
2088094,0
2091689,0
2091696,0
2091697,0
2091698,0
2091699,0
2091700,0
2091701,0
2091702,0
2091703,0
2091704,0
2091705,0
2091706,0
2091707,0
2091708,0
2091709,0
2091710,0
2091711,0
2091712,0
2095314,0
2095315,0
2095316,0
2095317,0
2095318,0
2095319,0
2095320,0
2095321,0
2095322,0
2095323,0
2095324,0
2095325,0
2095326,0
2095327,0
2095328,0
2095329,0
2095330,0
2098922,0
2098931,0
2098932,0
2098933,0
2098934,0
2098935,0
2098936,0
2098937,0
2098938,0
2098939,0
2098940,0
2098941,0
2098942,0
2098943,0
2098944,0
2098945,0
2098946,0
2098947,0
2098948,0
2102539,0
2102547,0
2102548,0
2102549,0
2102550,0
2102551,0
2102552,0
2102553,0
2102554,0
2102555,0
2102556,0
2102557,0
2102558,0
2102559,0
2102560,0
2102561,0
2102562,0
2102563,0
2102564,0
2102565,0
2102566,0
2102567,0
2106164,0
2106165,0
2106166,0
2106167,0
2106168,0
2106169,0
2106170,0
2106171,0
2106172,0
2106173,0
2106174,0
2106175,0
2106176,0
2106177,0
2106178,0
2106179,0
2106180,0
2106181,0
2106182,0
2106183,0
2109772,0
2109781,0
2109782,0
2109783,0
2109784,0
2109785,0
2109786,0
2109787,0
2109788,0
2109791,0
2109792,0
2109793,0
2109794,0
2109795,0
2109796,0
2109797,0
2109798,0
2109799,0
2109800,0
2109801,0
2113389,0
2113400,0
2113401,0
2113402,0
2113408,0
2113409,0
2113410,0
2113411,0
2113412,0
2113413,0
2113414,0
2113415,0
2113416,0
2113417,0
2117026,0
2117027,0
2117028,0
2117029,0
2117030,0
2117031,0
2117033,0
2117034,0
2120622,0
2120644,0
2120645,0
2120646,0
2120647,0
2120648,0
2120649,0
2120650,0
2124261,0
2124262,0
2124263,0
2124264,0
2124265,0
2124266,0
2127855,0
2127863,0
2127864,0
2127865,0
2127866,0
2127878,0
2127879,0
2127880,0
2127881,0
2127882,0
2131480,0
2131481,0
2131482,0
2131495,0
2131496,0
2131497,0
2131498,0
2131499,0
2135087,0
2135088,0
2135095,0
2135096,0
2135097,0
2135112,0
2135113,0
2135114,0
2135115,0
2138703,0
2138704,0
2138705,0
2138712,0
2138713,0
2138714,0
2138720,0
2138723,0
2138724,0
2138725,0
2138730,0
2138731,0
2138732,0
2142320,0
2142321,0
2142328,0
2142329,0
2142330,0
2142331,0
2142336,0
2142337,0
2142338,0
2142339,0
2142340,0
2142341,0
2142342,0
2142343,0
2142344,0
2145936,0
2145937,0
2145938,0
2145944,0
2145945,0
2145946,0
2145947,0
2145953,0
2145954,0
2145955,0
2145956,0
2145957,0
2145958,0
2145959,0
2145960,0
2149552,0
2149553,0
2149554,0
2149561,0
2149562,0
2149563,0
2149564,0
2149570,0
2149571,0
2149572,0
2149573,0
2149574,0
2149575,0
2149576,0
2149577,0
2149578,0
2149585,0
2149586,0
2149587,0
2153168,0
2153169,0
2153170,0
2153171,0
2153178,0
2153179,0
2153180,0
2153181,0
2153186,0
2153187,0
2153188,0
2153189,0
2153190,0
2153191,0
2153192,0
2153193,0
2153194,0
2153195,0
2153201,0
2153202,0
2153203,0
2153204,0
2156629,0
2156630,0
2156631,0
2156785,0
2156786,0
2156787,0
2156788,0
2156795,0
2156796,0
2156797,0
2156808,0
2156809,0
2156810,0
2156818,0
2156819,0
2156820,0
2156821,0
2156822,0
2160245,0
2160246,0
2160401,0
2160402,0
2160403,0
2160404,0
2160412,0
2160413,0
2160414,0
2160425,0
2160426,0
2160435,0
2160436,0
2160437,0
2160438,0
2160439,0
2160440,0
2163862,0
2163863,0
2164017,0
2164018,0
2164019,0
2164020,0
2164030,0
2164031,0
2164049,0
2164050,0
2164051,0
2164052,0
2164053,0
2164054,0
2164055,0
2164056,0
2164057,0
2164058,0
2167479,0
2167634,0
2167635,0
2167636,0
2167637,0
2167646,0
2167647,0
2167658,0
2167664,0
2167665,0
2167666,0
2167667,0
2167668,0
2167669,0
2167670,0
2167671,0
2167672,0
2167673,0
2167674,0
2167675,0
2171095,0
2171251,0
2171252,0
2171253,0
2171263,0
2171264,0
2171274,0
2171275,0
2171277,0
2171278,0
2171279,0
2171280,0
2171281,0
2171282,0
2171283,0
2171284,0
2171285,0
2171286,0
2171287,0
2171288,0
2171289,0
2171290,0
2171291,0
2171292,0
2174712,0
2174868,0
2174869,0
2174880,0
2174881,0
2174891,0
2174892,0
2174894,0
2174895,0
2174896,0
2174897,0
2174898,0
2174899,0
2174900,0
2174901,0
2174902,0
2174903,0
2174904,0
2174905,0
2174906,0
2174907,0
2174908,0
2174909,0
2178454,0
2178455,0
2178456,0
2178457,0
2178458,0
2178459,0
2178460,0
2178479,0
2178480,0
2178481,0
2178482,0
2178483,0
2178484,0
2178485,0
2178496,0
2178497,0
2178517,0
2178518,0
2178519,0
2178520,0
2178521,0
2178522,0
2178523,0
2178524,0
2178525,0
2178526,0
2182071,0
2182072,0
2182073,0
2182074,0
2182075,0
2182076,0
2182096,0
2182097,0
2182098,0
2182099,0
2182100,0
2182101,0
2182113,0
2182114,0
2182134,0
2182135,0
2182136,0
2182139,0
2182140,0
2182141,0
2182142,0
2185687,0
2185688,0
2185689,0
2185690,0
2185691,0
2185692,0
2185693,0
2185713,0
2185714,0
2185715,0
2185716,0
2185730,0
2185731,0
2185751,0
2185756,0
2185757,0
2185758,0
2185759,0
2185761,0
2185762,0
2185763,0
2189304,0
2189305,0
2189306,0
2189307,0
2189308,0
2189309,0
2189310,0
2189330,0
2189345,0
2189346,0
2189347,0
2189367,0
2189368,0
2189369,0
2189374,0
2189375,0
2189377,0
2189378,0
2189379,0
2189380,0
2192922,0
2192923,0
2192924,0
2192925,0
2192926,0
2192962,0
2192963,0
2192964,0
2192984,0
2192985,0
2192986,0
2192991,0
2192992,0
2192993,0
2192994,0
2192995,0
2192996,0
2192997,0
2196539,0
2196540,0
2196541,0
2196542,0
2196543,0
2196579,0
2196580,0
2196581,0
2196601,0
2196602,0
2196603,0
2196610,0
2196611,0
2196612,0
2196613,0
2196614,0
2200024,0
2200159,0
2200160,0
2200161,0
2200162,0
2200163,0
2200164,0
2200165,0
2200166,0
2200167,0
2200168,0
2200169,0
2200170,0
2200171,0
2200172,0
2200173,0
2200174,0
2200175,0
2200196,0
2200197,0
2200214,0
2200215,0
2200216,0
2200217,0
2200218,0
2200219,0
2200220,0
2200229,0
2200230,0
2200231,0
2200232,0
2203640,0
2203778,0
2203779,0
2203780,0
2203781,0
2203782,0
2203783,0
2203812,0
2203813,0
2203814,0
2203832,0
2203833,0
2203834,0
2203835,0
2203836,0
2203837,0
2203838,0
2203846,0
2203847,0
2203848,0
2203849,0
2207257,0
2207430,0
2207431,0
2207449,0
2207450,0
2207451,0
2207452,0
2207453,0
2207454,0
2207455,0
2207456,0
2207464,0
2207465,0
2207466,0
2207467,0
2210873,0
2211047,0
2211048,0
2211066,0
2211067,0
2211068,0
2211069,0
2211070,0
2211071,0
2211072,0
2211073,0
2211080,0
2211081,0
2211082,0
2211083,0
2211084,0
2211090,0
2211091,0
2214490,0
2214652,0.00652
2214653,0
2214654,0
2214655,0
2214656,0
2214657,0
2214663,0
2214664,0
2214679,0
2214682,0
2214683,0
2214684,0
2214685,0
2214686,0
2214687,0
2214688,0
2214689,0
2214690,0
2214698,0
2214699,0
2214700,0
2214701,0
2214706,0
2214707,0
2214708,0
2214709,0
2218107,0
2218269,0
2218270,0
2218271,0
2218272,0
2218273,0
2218280,0
2218281,0
2218296,0
2218299,0
2218300,0
2218301,0
2218302,0
2218303,0
2218304,0
2218305,0
2218306,0
2218307,0
2218323,0
2218324,0
2218325,0
2221723,0
2221884,0.0052
2221885,0
2221886,0
2221887,0
2221888,0
2221889,0
2221890,0
2221891,0
2221897,0
2221898,0
2221913,0
2221916,0
2221917,0
2221918,0
2221919,0
2221920,0
2221921,0
2221922,0
2221923,0
2221924,0
2221934,0
2221935,0
2221940,0
2221941,0
2221942,0
2225340,0
2225501,0
2225502,0
2225503,0
2225504,0
2225505,0
2225506,0
2225507,0
2225508,0
2225514,0
2225530,0
2225537,0
2225538,0
2225539,0
2225540,0
2225541,0
2225542,0
2225551,0
2225552,0
2229118,0
2229119,0
2229120,0
2229121,0
2229122,0
2229123,0
2229124,0
2229125,0
2229131,0
2229146,0
2229147,0
2229155,0
2229156,0
2229157,0
2229158,0
2229159,0
2229160,0
2229166,0
2229168,0
2229169,0
2229170,0
2229171,0
2229172,0
2232735,0
2232736,0
2232737,0
2232738,0
2232739,0
2232740,0
2232741,0
2232742,0
2232748,0
2232763,0
2232764,0
2232771,0
2232772,0
2232773,0
2232774,0
2232775,0
2232776,0
2232777,0
2232778,0
2232782,0
2232783,0
2232784,0
2232786,0
2232787,0
2232788,0
2232789,0
2236271,0
2236272,0
2236273,0
2236274,0
2236356,0
2236357,0
2236358,0
2236359,0
2236360,0
2236380,0
2236381,0
2236388,0
2236389,0
2236390,0
2236391,0
2236392,0
2236393,0
2236394,0
2236395,0
2236396,0
2236399,0
2236400,0
2236401,0
2236403,0
2236404,0
2236405,0
2239887,0
2239888,0
2239889,0
2239890,0
2239891,0
2239974,0
2239975,0
2239976,0
2239977,0
2239996,0
2239997,0
2239998,0
2239999,0
2240004,0
2240005,0
2240006,0
2240007,0
2240008,0
2240009,0
2240010,0
2240011,0
2240012,0
2240013,0
2240014,0
2240015,0
2240016,0
2240017,0
2240018,0
2243591,0
2243592,0
2243593,0
2243594,0
2243599,0
2243600,0
2243601,0
2243602,0
2243603,0
2243604,0
2243605,0
2243606,0
2243607,0
2243608,0
2243609,0
2243610,0
2243611,0
2243612,0
2243613,0
2243614,0
2243615,0
2243616,0
2243621,0
2243622,0
2243623,0
2243624,0
2243625,0
2243626,0
2243627,0
2243628,0
2243629,0
2243630,0
2243631,0
2243632,0
2243633,0
2243634,0
2243635,0
2247120,0
2247196,0
2247197,0
2247216,0
2247217,0
2247218,0
2247219,0
2247220,0
2247221,0
2247222,0
2247223,0
2247224,0
2247225,0
2247226,0
2247227,0
2247228,0
2247229,0
2247230,0
2247231,0
2247232,0
2247233,0
2247234,0
2247235,0
2247236,0
2247237,0
2247238,0
2247239,0
2247240,0
2247241,0
2247242,0
2247243,0
2247244,0
2247245,0
2247246,0
2247247,0
2247248,0
2247249,0
2247250,0
2247251,0
2247252,0
2247253,0
2250751,0
2250754,0
2250800,0
2250801,0
2250802,0
2250803,0
2250810,0
2250811,0
2250812,0
2250813,0
2250814,0
2250815,0
2250816,0
2250817,0
2250818,0
2250819,0
2250834,0
2250835,0
2250836,0
2250837,0
2250838,0
2250839,0
2250840,0
2250841,0
2250842,0
2250843,0
2250844,0
2250845,0
2250846,0
2250847,0
2250848,0
2250849,0
2250850,0
2250851,0
2250852,0
2250853,0
2250854,0
2250855,0
2250856,0
2250857,0
2250858,0
2250859,0
2250860,0
2250861,0
2250862,0
2250863,0
2250864,0
2250865,0
2250866,0
2250867,0
2250868,0
2250869,0
2250870,0
2254371,0
2254415,0.03016
2254416,0.02291
2254417,0
2254418,0
2254419,0
2254420,0
2254421,0
2254422,0
2254423,0
2254424,0
2254425,0
2254426,0
2254427,0
2254428,0
2254429,0
2254430,0
2254431,0
2254432,0
2254433,0
2254434,0
2254435,0
2254436,0
2254437,0
2254451,0
2254452,0
2254453,0
2254454,0
2254455,0
2254456,0
2254457,0
2254458,0
2254459,0
2254460,0
2254461,0
2254462,0
2254463,0
2254464,0
2254465,0
2254466,0
2254467,0
2254468,0
2254469,0
2254470,0
2254471,0
2254472,0
2254473,0
2254474,0
2254475,0
2254476,0
2254477,0
2254478,0
2254479,0
2254480,0
2254481,0
2254482,0
2254483,0
2254484,0
2254485,0
2254486,0
2254487,0
2254497,0
2254498,0
2254499,0
2257985,0
2258026,0
2258027,0
2258028,0
2258029,9e-5
2258030,0.00782
2258031,0.0155
2258032,0.02366
2258033,0.01996
2258041,0
2258042,0
2258043,0
2258044,0
2258045,0
2258046,0
2258047,0
2258048,0
2258049,0
2258050,0
2258051,0
2258052,0
2258053,0
2258054,0
2258055,0
2258056,0
2258068,0
2258069,0
2258070,0
2258071,0
2258072,0
2258073,0
2258074,0
2258075,0
2258076,0
2258077,0
2258078,0
2258079,0
2258080,0
2258081,0
2258082,0
2258083,0
2258084,0
2258085,0
2258086,0
2258087,0
2258088,0
2258089,0
2258090,0
2258091,0
2258092,0
2258093,0
2258094,0
2258095,0
2258096,0
2258097,0
2258098,0
2258101,0
2258102,0
2258103,0
2258104,0
2258105,0
2258114,0
2258115,0
2258116,0
2258117,0
2261601,0
2261602,0
2261640,0.039
2261641,0.00889
2261642,0
2261643,0
2261644,0
2261645,0
2261646,0
2261647,0
2261661,0
2261662,0
2261667,0
2261668,0
2261669,0
2261670,0
2261671,0
2261672,0
2261673,0
2261674,0
2261675,0
2261686,0
2261687,0
2261688,0
2261689,0
2261690,0
2261691,0
2261692,0
2261693,0
2261694,0
2261695,0
2261696,0
2261697,0
2261698,0
2261699,0
2261700,0
2261701,0
2261702,0
2261703,0
2261704,0
2261705,0
2261706,0
2261707,0
2261708,0
2261709,0
2261710,0
2261711,0
2261712,0
2261713,0
2261720,0
2261721,0
2261722,0
2261731,0
2261732,0
2261733,0
2265218,0
2265219,0
2265255,0.03572
2265256,0.04014
2265257,0.03213
2265258,0
2265259,0
2265290,0
2265291,0
2265292,0
2265303,0
2265304,0
2265305,0
2265306,0
2265307,0
2265308,0
2265309,0
2265310,0
2265311,0
2265312,0
2265313,0
2265314,0
2265315,0
2265316,0
2265317,0
2265328,0
2265329,0
2265337,0
2265338,0
2265339,0
2265343,0
2268835,0
2268836,0
2268837,0
2268838,0
2268869,0.00184
2268870,0.00362
2268871,0.01671
2268872,0.02756
2268873,0.03712
2268874,0.03612
2268906,0
2268907,0
2268908,0
2268909,0
2268910,0
2268921,0
2268922,0
2268923,0
2268924,0
2268925,0
2268926,0
2268927,0
2268928,0
2268929,0
2268930,0
2268931,0
2268932,0
2268933,0
2268934,0
2268944,0
2268945,0
2268954,0
2268955,0
2268956,0
2268959,0
2268960,0
2268961,0
2272452,0
2272453,0
2272454,0
2272483,0.05206
2272484,0
2272485,0
2272486,0
2272487,0
2272525,0
2272526,0
2272527,0
2272528,0
2272531,0
2272532,0
2272539,0
2272540,0
2272541,0
2272542,0
2272543,0
2272544,0
2272545,0
2272546,0
2272547,0
2272548,0
2272549,0
2272550,0
2272551,0
2272561,0
2272562,0
2272576,0
2272577,0
2272578,0
2272579,0
2272580,0
2272581,0
2272582,0
2276068,0
2276069,0
2276070,0
2276071,0
2276072,0
2276099,0.0554
2276100,0.03915
2276101,0
2276102,0
2276112,0
2276113,0
2276114,0
2276115,0
2276116,0
2276117,0
2276118,0
2276119,0
2276120,0
2276121,0
2276122,0
2276143,0
2276144,0
2276145,0
2276146,0
2276147,0
2276148,0
2276149,0
2276150,0
2276151,0
2276152,0
2276159,0
2276160,0
2276161,0
2276162,0
2276163,0
2276164,0
2276165,0
2276166,0
2276167,0
2276178,0
2276179,0
2276192,0
2276193,0
2276194,0
2276195,0
2276196,0
2276197,0
2276198,0
2276199,0
2276200,0
2276201,0
2276202,0
2279685,0
2279686,0
2279687,0
2279688,0
2279689,0
2279714,0.05821
2279715,0.04599
2279716,0.04293
2279717,0.04019
2279728,0
2279729,0
2279730,0
2279731,0
2279732,0
2279733,0
2279734,0
2279735,0
2279736,0
2279737,0
2279738,0
2279739,0
2279740,0
2279760,0
2279761,0
2279762,0
2279763,0
2279764,0
2279765,0
2279766,0
2279767,0
2279768,0
2279769,0
2279770,0
2279771,0
2279772,0
2279777,0
2279778,0
2279779,0
2279780,0
2279781,0
2279782,0
2279783,0
2279784,0
2279795,0
2279806,0
2279809,0
2279810,0
2279811,0
2279812,0
2279813,0
2279814,0
2279815,0
2279816,0
2279817,0
2279818,0
2279819,0
2283206,0
2283275,0
2283276,0
2283277,0
2283302,0
2283303,0
2283304,0
2283305,0
2283330,0.05247
2283331,0.04511
2283332,0.01862
2283333,0.01192
2283343,0
2283344,0
2283345,0
2283346,0
2283347,0
2283348,0
2283349,0
2283350,0
2283351,0
2283352,0
2283353,0
2283354,0
2283355,0
2283356,0
2283357,0
2283377,0
2283378,0
2283379,0
2283380,0
2283381,0
2283382,0
2283383,0
2283384,0
2283385,0
2283386,0
2283387,0
2283388,0
2283389,0
2283390,0
2283391,0
2283395,0
2283396,0
2283397,0
2283398,0
2283399,0
2283400,0
2283401,0
2283411,0
2283412,0
2283413,0
2283423,0
2283426,0
2283427,0
2283428,0
2283429,0
2283430,0
2283431,0
2283432,0
2283433,0
2283434,0
2283435,0
2283437,0
2283438,0
2283439,0
2286823,0
2286961,0
2286962,0
2286963,0
2286964,0
2286965,0
2286966,0
2286967,0
2286968,0
2286969,0
2286970,0
2286971,0
2286972,0
2286973,0
2287012,0
2287013,0
2287014,0
2287015,0
2287016,0
2287017,0
2287018,0
2287019,0
2287020,0
2287021,0
2287022,0
2287023,0
2287024,0
2287025,0
2287026,0
2287027,0
2287028,0
2287029,0
2287030,0
2287039,0
2287044,0
2287045,0
2287046,0
2287047,0
2287048,0
2287049,0
2287054,0
2287055,0
2287056,0
2287057,0
2287058,0
2287059,0
2290439,0
2290562,0.05293
2290563,0.02796
2290578,0
2290579,0
2290580,0
2290581,0
2290582,0
2290583,0
2290584,0
2290585,0
2290586,0
2290587,0
2290626,0
2290627,0
2290629,0
2290630,0
2290631,0
2290632,0
2290633,0
2290634,0
2290635,0
2290636,0
2290637,0
2290638,0
2290639,0
2290640,0
2290641,0
2290642,0
2290643,0
2290644,0
2290645,0
2290646,0
2290647,0
2290661,0
2290662,0
2290663,0
2290664,0
2290665,0
2290671,0
2290672,0
2290673,0
2290674,0
2290675,0
2290676,0
2294056,0
2294116,0
2294117,0
2294156,0
2294177,0.08447
2294178,0.0626
2294179,0.03446
2294188,0
2294189,0
2294195,0
2294196,0
2294197,0
2294198,0
2294199,0
2294200,0
2294201,0
2294202,0
2294203,0
2294204,0
2294205,0
2294211,0
2294212,0
2294242,0
2294243,0
2294244,0
2294248,0
2294249,0
2294250,0
2294251,0
2294252,0
2294253,0
2294254,0
2294255,0
2294256,0
2294257,0
2294258,0
2294259,0
2294260,0
2294261,0
2294262,0
2294263,0
2294264,0
2294266,0
2294267,0
2294268,0
2294277,0
2294278,0
2294279,0
2294280,0
2294281,0
2294291,0
2294292,0
2294293,0
2297673,0
2297730,0
2297731,0
2297732,0
2297733,0
2297734,0
2297773,0
2297774,0
2297775,0
2297794,0.0768
2297795,0.04135
2297796,0.01495
2297802,0.01227
2297803,0.0135
2297804,0.01378
2297805,0
2297806,0
2297811,0
2297812,0
2297813,0
2297814,0
2297815,0
2297816,0.00147
2297817,0
2297818,0
2297819,0
2297820,0
2297821,0
2297822,0
2297823,0
2297824,0.02155
2297825,0.06986
2297826,0.07694
2297827,0.0942
2297828,0.05495
2297829,0.07114
2297834,0
2297835,0
2297859,0
2297860,0
2297861,0
2297862,0
2297865,0
2297866,0
2297872,0
2297873,0
2297874,0
2297875,0
2297877,0
2297878,0
2297879,0
2297880,0
2297881,0
2297882,0
2297883,0
2297884,0
2297885,0
2297886,0
2297892,0
2297893,0
2297894,0
2297895,0
2297896,0
2301289,0
2301344,0
2301345,0
2301346,0
2301347,0
2301348,0
2301349,0
2301350,0
2301351,0
2301390,0
2301391,0
2301392,0
2301393,0
2301409,0.09937
2301410,0.08465
2301411,0.05157
2301412,0.01636
2301413,0.00996
2301419,0.04328
2301420,0.05852
2301421,0.03987
2301422,0.01847
2301428,0
2301429,0
2301430,0
2301431,0
2301432,0.00543
2301433,0.00631
2301434,0.0028
2301435,0
2301436,0
2301437,2.4e-4
2301438,0.01063
2301439,0.02963
2301440,0.05111
2301441,0.0733
2301442,0.10327
2301443,0.09019
2301444,0.09693
2301445,0.1067
2301446,0.07994
2301447,0
2301448,0
2301449,0
2301450,0
2301451,0
2301452,0
2301476,0
2301477,0
2301478,0
2301479,0
2301480,0
2301490,0
2301491,0
2301492,0
2301496,0
2301497,0
2301498,0
2301499,0
2301500,0
2301501,0
2301502,0
2301503,0
2301508,0
2301509,0
2301511,0
2304906,0
2304907,0
2304960,0
2304961,0
2304962,0
2304963,0
2304964,0
2304965,0
2304966,0
2304967,0
2305007,0
2305008,0
2305009,0
2305010,0
2305026,0.09736
2305027,0.06837
2305028,0.03899
2305029,0.03018
2305035,0.07307
2305036,0.09899
2305038,0.09528
2305039,0.05391
2305045,0
2305046,0
2305047,0
2305048,0.00601
2305049,0.01049
2305050,0.01019
2305051,0.00661
2305052,0.00332
2305053,0.00782
2305054,0.01779
2305055,0.03255
2305056,0.05528
2305057,0.08056
2305058,0.10412
2305059,0.12106
2305061,0.12101
2305062,0.12165
2305063,0.07781
2305064,0
2305065,0
2305066,0
2305067,0
2305068,0
2305069,0
2305093,0
2305094,0
2305095,0
2305096,0
2305114,0
2305115,0
2305116,0
2305117,0
2305118,0
2305119,0
2305149,0
2305150,0
2305151,0
2308523,0
2308524,0
2308642,0.10949
2308643,0.09784
2308644,0.07199
2308645,0.06767
2308646,0.11754
2308647,0.12455
2308648,0.1173
2308649,0.10591
2308650,0.09568
2308651,0.09946
2308652,0.10173
2308655,0.1198
2308656,0.09908
2308657,0.07887
2308658,0.04952
2308659,0.01537
2308660,0
2308661,0
2308662,0
2308663,0
2308664,0
2308665,0.01974
2308666,0.02169
2308667,0.01754
2308668,0.01889
2308669,0.01669
2308670,0.01977
2308671,0.02681
2308672,0.04734
2308673,0.06853
2308674,0.08713
2308675,0.11072
2308676,0.12286
2308678,0.13693
2308679,0.13736
2308686,0.07684
2308687,0.10222
2308714,0
2308730,0
2308731,0
2308732,0
2308733,0
2308734,0
2308735,0
2308736,0
2308762,0
2308763,0
2308764,0
2308765,0
2308766,0
2308767,0
2308768,0
2308769,0
2312139,0
2312140,0
2312190,0
2312191,0
2312259,0.10643
2312260,0.10708
2312261,0.11164
2312262,0.11601
2312263,0.12084
2312264,0.12336
2312265,0.11742
2312266,0.11834
2312267,0.12027
2312268,0.12273
2312274,0.11039
2312275,0.08673
2312276,0.0259
2312277,0
2312281,0
2312282,0.01279
2312283,0.01768
2312284,0.02732
2312285,0.03401
2312286,0.03425
2312287,0.03909
2312288,0.04635
2312289,0.07039
2312290,0.0818
2312291,0.09073
2312292,0.11173
2312293,0.12661
2312294,0.14026
2312303,0.13353
2312304,0.13125
2312305,0.11624
2312306,0.06594
2312331,0
2312332,0
2312347,0
2312348,0
2312349,0
2312379,0
2312380,0
2312381,0
2312382,0
2312383,0
2312384,0
2312385,0
2312386,0
2312387,0
2315756,0
2315757,0
2315758,0
2315807,0
2315808,0
2315876,0.11117
2315877,0.11263
2315878,0.1187
2315879,0.12689
2315880,0.12256
2315881,0.11846
2315882,0.12304
2315892,0.11421
2315893,0.05004
2315894,0
2315898,0
2315899,0
2315900,1e-5
2315901,0.0361
2315902,0.04282
2315903,0.04635
2315904,0.05443
2315905,0.0578
2315906,0.07019
2315907,0.082
2315908,0.09423
2315909,0.11293
2315910,0.12767
2315911,0.14332
2315912,0.14901
2315913,0.1478
2315922,0.11404
2315923,0.06352
2315924,0.00813
2315948,0
2315949,0
2315950,0
2315964,0
2315965,0
2315995,0
2315996,0
2315997,0
2315998,0
2315999,0
2316000,0
2316001,0
2316002,0
2316003,0
2316004,0
2316005,0
2316006,0
2319373,0
2319374,0
2319375,0
2319423,0
2319424,0
2319478,0
2319509,0.11435
2319510,0.0449
2319511,0
2319515,0
2319516,0
2319517,0.01604
2319518,0.04924
2319519,0.05374
2319520,0.06043
2319521,0.07616
2319522,0.08179
2319523,0.08948
2319524,0.0985
2319525,0.10756
2319526,0.12171
2319527,0.13657
2319528,0.14396
2319529,0.15109
2319530,0.15007
2319531,0.14653
2319539,0.12012
2319540,0.09215
2319541,0.05647
2319542,0.034
2319543,0.0482
2319544,0.05237
2319552,0
2319564,0
2319565,0
2319566,0
2319567,0
2319568,0
2319599,0
2319600,0
2319611,0
2319612,0
2319613,0
2319614,0
2319615,0
2319616,0
2319617,0
2319618,0
2319619,0
2319620,0
2319621,0
2319622,0
2319623,0
2322989,0
2322990,0
2322991,0
2322992,0
2323040,0
2323041,0
2323095,0.01534
2323126,0.11624
2323127,0.00925
2323128,0
2323132,0
2323133,0
2323134,0.06656
2323135,0.07804
2323136,0.08173
2323137,0.09526
2323138,0.12153
2323139,0.12277
2323140,0.12786
2323141,0.13187
2323142,0.1279
2323143,0.1378
2323147,0.14592
2323158,0.12839
2323159,0.11214
2323160,0.08782
2323161,0.05765
2323167,0
2323168,0
2323169,0
2323182,0
2323183,0
2323184,0
2323185,0
2323186,0
2323223,0
2323224,0
2323225,0
2323228,0
2323229,0
2323230,0
2323231,0
2323232,0
2323233,0
2323234,0
2323235,0
2323236,0
2323237,0
2323238,0
2323239,0
2323241,0
2323242,0
2326606,0
2326607,0
2326608,0
2326609,0
2326656,0
2326657,0
2326658,0
2326743,0.12241
2326744,0
2326747,0.04744
2326748,0
2326749,0
2326752,0.12531
2326753,0.1266
2326754,0.13543
2326777,0.11088
2326778,0.0754
2326783,0
2326784,0.01389
2326785,0
2326786,0
2326787,0
2326800,0
2326801,0
2326802,0
2326803,0
2326839,0
2326840,0
2326841,0
2326842,0
2326843,0
2326848,0
2326849,0
2326850,0
2326851,0
2326852,0
2326853,0
2326854,0
2326855,0
2326858,0
2326859,0
2330223,0
2330224,0
2330225,0
2330226,0
2330273,0
2330274,0
2330324,0
2330325,0
2330326,0
2330327,0
2330328,0.02174
2330360,0.12039
2330361,0.07253
2330362,0.08178
2330363,0.07603
2330364,0.07112
2330365,0.06805
2330393,0.14947
2330394,0.11894
2330395,0.08079
2330396,0.0646
2330397,0.03802
2330398,0.00816
2330399,0.00422
2330400,0.03058
2330401,0.04391
2330402,0.01825
2330403,0
2330404,0
2330419,0
2330420,0
2330421,0
2330422,0
2330456,0
2330457,0
2330458,0
2330459,0
2330464,0
2330465,0
2330466,0
2330467,0
2330468,0
2330469,0
2330470,0
2330471,0
2330472,0
2330474,0
2330475,0
2330476,0
2333839,0
2333840,0
2333841,0
2333842,0
2333889,0
2333890,0
2333891,0
2333941,0
2333942,0
2333943,0
2333944,0.00874
2333945,0.04572
2334011,0.12208
2334012,0.0899
2334013,0.07966
2334014,0.07373
2334015,0.07099
2334016,0.06685
2334017,0.06623
2334018,0.06948
2334019,0.05473
2334020,0.01605
2334021,0
2334037,0
2334038,0
2334039,0
2334040,0
2334041,0
2334042,0
2334072,0
2334073,0
2334074,0
2334082,0
2334083,0
2334084,0
2334085,0
2334086,0
2334087,0
2334088,0
2334090,0
2334091,0
2334092,0
2334093,0
2337456,0
2337457,0
2337458,0
2337459,0
2337506,0
2337507,0
2337508,0
2337558,0
2337559,0
2337560,0
2337561,0.03499
2337628,0.13263
2337629,0.1027
2337630,0.09124
2337631,0.09401
2337632,0.09064
2337633,0.08429
2337634,0.0829
2337635,0.07958
2337636,0.0623
2337637,0.01373
2337655,0
2337656,0
2337657,0
2337658,0
2337659,0
2337660,0
2337685,0
2337686,0
2337687,0
2337689,0
2337690,0
2337691,0
2337700,0
2337701,0
2337702,0
2337703,0
2337704,0
2337707,0
2337708,0
2337709,0
2341073,0
2341074,0
2341075,0
2341076,0
2341123,0
2341124,0
2341125,0
2341175,0
2341176,0
2341177,0.01548
2341245,0.14223
2341246,0.11085
2341247,0.10059
2341248,0.10328
2341249,0.0978
2341250,0.09139
2341251,0.09084
2341252,0.08274
2341253,0.06374
2341254,0.00632
2341273,0
2341274,0
2341277,0
2341278,0
2341279,0
2341280,0
2341281,0
2341282,0
2341300,0
2341301,0
2341302,0
2341303,0
2341304,0
2341305,0
2341306,0
2341307,0
2341308,0
2341317,0
2341318,0
2341319,0
2341320,0
2341321,0
2341324,0
2341325,0
2341332,0
2344690,0
2344691,0
2344692,0
2344693,0
2344739,0
2344740,0
2344741,0
2344792,0
2344793,0
2344862,0.1562
2344863,0.13277
2344864,0.12034
2344865,0.11635
2344866,0.10609
2344867,0.10073
2344868,0.09728
2344869,0.08971
2344870,0.05987
2344871,0.00375
2344894,0
2344895,0
2344896,0
2344897,0
2344898,0
2344899,0
2344900,0
2344917,0
2344918,0
2344919,0
2344923,0
2344924,0
2344945,0
2344946,0
2344948,0
2344949,0
2348307,0
2348308,0
2348309,0
2348310,0
2348311,0
2348354,0
2348355,0
2348356,0
2348357,0
2348358,0
2348408,0
2348409,0
2348480,0.1516
2348481,0.14129
2348482,0.12581
2348483,0.11145
2348484,0.11128
2348485,0.10437
2348486,0.09248
2348487,0.05857
2348488,0.00693
2348516,0
2348534,0
2348535,0
2348539,0
2348540,0
2348541,0
2348562,0
2348563,0
2348564,0
2348565,0
2351971,0
2351972,0
2351973,0
2351974,0
2351975,0
2352024,0.01266
2352025,0.02226
2352098,0.15712
2352099,0.14215
2352100,0.12333
2352101,0.12053
2352102,0.10864
2352103,0.09536
2352104,0.0811
2352105,0.05454
2352106,0.03455
2352107,0.01951
2352131,0
2352132,0
2352133,0
2352151,0
2352152,0
2352153,0
2352154,0
2352155,0
2352156,0
2352157,0
2352178,0
2352179,0
2352180,0
2352181,0
2352182,0
2352187,0
2355544,0
2355545,0
2355588,0
2355589,0
2355590,0
2355591,0
2355641,0.07593
2355642,0.06462
2355716,0.15664
2355717,0.14693
2355718,0.13418
2355719,0.11789
2355720,0.10699
2355721,0.10259
2355722,0.09412
2355723,0.06314
2355724,0
2355725,9.2e-4
2355748,0
2355749,0
2355750,0
2355751,0
2355768,0
2355769,0
2355770,0
2355773,0
2355797,0
2355798,0
2355799,0
2355804,0
2355805,0
2355806,0
2359161,0
2359162,0
2359205,0
2359206,0
2359207,0
2359208,0
2359257,0.0689
2359258,0.08151
2359260,0.0708
2359334,0.16372
2359335,0.15419
2359336,0.14114
2359337,0.12823
2359338,0.12055
2359339,0.11274
2359340,0.07189
2359341,2e-5
2359342,0
2359343,0.03159
2359364,0
2359365,0
2359366,0
2359367,0
2359368,0
2359369,0
2359370,0
2359371,0
2359372,0
2359373,0
2359420,0
2359421,0
2359422,0
2359423,0
2362778,0
2362779,0
2362821,0
2362822,0
2362823,0
2362824,0
2362825,0
2362873,0.08125
2362874,0.08097
2362875,0.07993
2362876,0.07028
2362877,0.07646
2362952,0.17063999999999999
2362953,0.16448
2362954,0.15458
2362955,0.1466
2362956,0.13207
2362957,0.10191
2362958,0.07514
2362959,0.05929
2362982,0
2362983,0
2362984,0
2362985,0
2362986,0
2362987,0
2362988,0
2362989,0
2362990,0
2362991,0
2363037,0
2363038,0
2363039,0
2363040,0
2363041,0
2363042,0
2363043,0
2366394,0
2366395,0
2366396,0
2366397,0
2366439,0
2366440,0
2366441,0
2366488,0.01884
2366489,0.07953
2366490,0.08887
2366491,0.08688
2366492,0.07669
2366493,0.07613
2366570,0.17634
2366571,0.17432
2366572,0.17087
2366573,0.15411
2366574,0.13715
2366575,0.13487
2366576,0.12917
2366608,0
2366609,0
2366654,0
2366655,0
2366656,0
2366657,0
2366658,0
2366659,0
2366660,0
2370011,0
2370012,0
2370013,0
2370014,0
2370056,0
2370057,0
2370058,0
2370104,0
2370105,0.02562
2370106,0.08347
2370107,0.09552
2370109,0.07836
2370110,0.0839
2370189,0.18273
2370190,0.17039
2370191,0.15749
2370192,0.15933
2370193,0.1573
2370225,0
2370226,0
2370227,0
2370271,0
2370272,0
2370273,0
2370274,0
2370275,0
2370276,0
2370277,0
2373628,0
2373629,0
2373630,0
2373673,0
2373674,0
2373675,0
2373720,0
2373721,0
2373722,0.04449
2373723,0.09073
2373724,0.09408
2373725,0.08893
2373726,0.0847
2373807,0.18193
2373808,0.17348
2373809,0.16971
2373810,0.16672
2373811,0.1651
2373812,0.1625
2373813,0.1665
2373814,0.16496
2373843,0
2373844,0
2373888,0
2373889,0
2373890,0
2373891,0
2377245,0
2377246,0
2377247,0
2377290,0
2377291,0
2377292,0
2377337,0
2377338,0
2377339,0.07349
2377340,0.09398
2377341,0.09071
2377342,0.08987
2377424,0.18845
2377425,0.18682000000000001
2377426,0.18086
2377427,0.17552
2377428,0.17259
2377429,0.16738
2377430,0.16565
2377431,0.15152
2377461,0
2377462,0
2377463,0.00483
2377464,0.02936
2377504,0
2377505,0
2377506,0
2377507,0
2380862,0
2380863,0
2380864,0
2380907,0
2380908,0
2380953,0
2380954,0
2380956,0.09157
2380957,0.09495
2380958,0.09348
2381043,0.18995
2381044,0.18194
2381045,0.17121
2381046,0.16152
2381047,0.15381
2381048,0.11079
2381079,0
2381080,0.0086
2381081,0.03856
2381121,0
2381122,0
2381123,0
2381124,0
2384480,0
2384481,0
2384482,0
2384525,0
2384569,0
2384570,0.00958
2384574,0.09649
2384662,0.1653
2384663,0.1542
2384664,0.14667
2384665,0.06843
2384697,0
2384698,0.04351
2384748,0
2384749,0
2388097,0
2388098,0
2388099,0
2388142,0
2388186,0
2388187,0.05895
2388279,0.1638
2388280,0.15621
2388281,0.15352
2388311,0
2388312,0
2388313,0
2388314,0.00949
2388315,0.0623
2388326,0.01646
2388327,0.01731
2388328,0.04686
2388329,0.04102
2388337,0.00606
2388338,0
2388364,0
2388365,0
2388366,0
2391715,0
2391716,0
2391758,0
2391803,0.01422
2391895,0.1826
2391896,0.16879
2391897,0.16425
2391898,0.16302
2391923,0
2391924,0
2391925,0
2391926,0
2391927,0
2391928,0
2391929,0
2391930,0
2391931,0.05253
2391943,0
2391944,0
2391945,0.02921
2391946,0.04045
2391954,0.00296
2391955,0
2391961,0
2391981,0
2391982,0
2391983,0
2395333,0
2395334,0
2395376,0
2395377,0
2395378,0
2395379,0
2395380,0
2395419,0.02068
2395420,0.0496
2395513,0.17438
2395514,0.17012
2395517,0.1565
2395518,0.15767
2395519,0.16015
2395521,0.17501
2395522,0.16039
2395523,0.1523
2395524,0.14607
2395525,0.13946
2395526,0.14121
2395527,0.1327
2395528,0.11682
2395529,0.12036
2395530,0.12705
2395531,0.123
2395532,0.12128
2395533,0.12505
2395534,0.14899
2395535,0.14772
2395537,0.12921
2395538,0.09135
2395539,0.09854
2395540,0.09367
2395541,0.04546
2395556,0.08065
2395557,0
2395558,0
2395559,0
2395560,0
2395561,0
2395562,0.01146
2395563,0.0402
2395570,0.00792
2395571,0.00344
2395572,0
2395573,0
2395574,0
2395575,0
2395576,0
2395577,0
2395578,0
2395579,0
2395580,0
2395598,0
2395599,0
2395600,0
2398949,0
2398950,0
2398993,0
2398994,0
2398995,0
2398996,0
2398997,0
2399035,0
2399036,0.0188
2399037,0.06361
2399129,0.17757
2399130,0.1738
2399131,0.16396
2399132,0.16247
2399133,0.15879
2399134,0.16114
2399135,0.16272
2399136,0.16346
2399137,0.17594
2399138,0.17629
2399139,0.17588
2399150,0.15579
2399151,0.15427
2399152,0.15022
2399153,0.14261
2399154,0.13454
2399155,0.11569
2399156,0.1089
2399157,0.10904
2399171,0.16929
2399172,0.14789
2399173,0.08068
2399180,0.04537
2399181,0.04065
2399182,0.02743
2399183,0.01397
2399187,0
2399188,0
2399189,2.8e-4
2399191,0
2399192,0
2399193,0
2399194,0
2399197,0
2399198,0
2399199,0
2399200,0
2399201,0
2399215,0
2402566,0
2402567,0
2402608,0
2402609,0
2402610,0
2402611,0
2402612,0
2402613,7.4e-4
2402651,0
2402652,0
2402653,0.03546
2402724,0.14472
2402725,0.14306
2402726,0.14501
2402727,0.14754
2402728,0.15156
2402747,0.16566
2402748,0.16388
2402749,0.16448
2402788,0.18372
2402789,0.14849
2402799,0.00773
2402800,0
2402801,0
2402802,0
2402803,0
2402804,0
2402805,0
2402815,0
2402816,0
2402817,0
2402818,0
2406183,0
2406184,0
2406185,0
2406224,0
2406225,0
2406226,0
2406227,0
2406228,0.00288
2406229,0.00319
2406230,0.00263
2406267,0
2406268,0
2406269,0.0088
2406270,0.06338
2406340,0.15065
2406341,0.14656
2406342,0.14423
2406343,0.1455
2406344,0.14784
2406345,0.15168
2406405,0.19541
2406407,0.20772
2406416,0
2406418,0
2406419,0
2406420,0
2406421,0
2406422,0
2406435,0
2406436,0
2406437,0
2406438,0
2406439,0
2406440,0
2409800,0
2409801,0
2409802,0
2409841,0
2409842,0
2409843,0
2409844,0.0042
2409845,0.00714
2409846,0.00825
2409847,0.00633
2409884,0
2409885,0.02579
2409886,0.04839
2409887,0.07964
2409957,0.15311
2409958,0.1536
2409960,0.15011
2410022,0.21054
2410023,0.21569
2410024,0.21336
2410025,0.17172
2410026,0.08757
2410027,0.04564
2410053,0
2410054,0
2410056,0
2410057,0
2413417,0
2413418,0
2413419,0
2413458,0
2413459,0
2413460,0.00322
2413461,0.00718
2413462,0.00848
2413463,0.01062
2413464,0.00873
2413501,0
2413502,0
2413503,0.04845
2413504,0.08391
2413643,0.11511
2413644,0.06491
2413645,0.0371
2413673,0
2417076,0
2417077,0.00582
2417078,0.00927
2417079,0.01259
2417080,0.01278
2417118,0
2417119,0
2417120,0.03275
2417121,0.08388
2417178,0.11369
2417179,0.11461
2417180,0.1253
2417181,0.12558
2417261,0.14486
2417262,0.03388
2417263,0
2417290,0
2417295,0
2417296,0
2420693,0.00106
2420694,0.00708
2420695,0.01014
2420696,0.01517
2420697,0.01309
2420734,0
2420735,0
2420736,0
2420737,0.03942
2420795,0.11882
2420796,0.12249
2420797,0.12465
2420798,0.12547
2420878,0.20337
2420879,0.02297
2420907,0
2420908,0
2420909,0
2420910,0
2420911,0
2420912,0
2420913,0
2420914,0
2424271,0
2424272,0
2424310,0.00452
2424311,0.00895
2424312,0.0118
2424313,0.0135
2424314,0.01468
2424351,0
2424352,0
2424353,0
2424354,0.06249
2424411,0.12323
2424412,0.12036
2424413,0.12157
2424414,0.12673
2424415,0.12501
2424494,0.25456
2424495,0.22661
2424496,0.17119
2424524,0
2424525,0
2424529,0
2424530,0
2424531,0
2427888,0
2427889,0
2427890,0
2427921,0
2427927,0.01095
2427928,0.01311
2427929,0.01256
2427930,0.01428
2427968,0
2427969,0
2427970,0
2428029,0.1262
2428030,0.12468
2428111,0.2608
2428112,0.23182
2428142,0
2428143,0
2428144,0
2428145,0.00307
2428146,0
2428147,0
2428148,0
2431505,0
2431506,0
2431507,0
2431536,0
2431537,0
2431543,0.01524
2431544,0.01684
2431545,0.01843
2431546,0.02226
2431547,0.01792
2431586,0
2431728,0.26284
2431729,0.17912
2431759,0
2431760,0
2431761,0
2431762,0.02355
2431763,0
2431764,0
2431765,0
2431766,0
2431767,0
2435121,0
2435122,0
2435123,0
2435124,0
2435153,0
2435154,0
2435160,0.02003
2435161,0.02232
2435162,0.02705
2435163,0.03146
2435164,0.02874
2435202,5.6e-4
2435203,0
2435340,0.28117
2435341,0.29393
2435342,0.28652
2435345,0.24376
2435346,0.2171
2435379,0.02819
2435380,0
2435381,0
2435382,0
2435383,0
2435384,0
2435385,0
2438819,0.03698
2438856,0.10614
2438857,0.10623
2438957,0.28059
2438958,0.30099
2438959,0.2947
2438960,0.29149
2438961,0.28409
2438962,0.25214
2438963,0.21823
2438964,0.23174
2439001,0
2439002,0
2439003,0
2442382,0
2442383,0
2442435,0.07301
2442436,0.08805
2442471,0.09882
2442472,0.1003
2442473,0.1026
2442474,0.1051
2442574,0.25892
2442575,0.24151
2442576,0.2947
2442577,0.29231
2442578,0.29623
2442579,0.2912
2442580,0.25649
2442581,0.23514
2442619,0
2442620,0
2442658,0
2442659,0
2445976,0
2445977,0
2445978,0
2445979,0
2445980,0
2445996,0
2445997,0
2445998,0
2445999,0
2446000,0
2446051,0.07635
2446052,0.0806
2446053,0.09365
2446055,0.09706
2446056,0.0923
2446088,0.0974
2446089,0.09881
2446191,0.26846
2446192,0.25996
2446193,0.25302
2446194,0.23771
2446195,0.25753
2446196,0.27889
2446197,0.26816
2446198,0.21647
2446199,0.17861
2446237,0
2446238,0
2446274,0
2446275,0
2446276,0
2446277,0
2446278,0
2446279,0
2449593,0
2449594,0
2449595,0
2449596,0
2449597,0
2449598,0
2449599,0
2449609,0
2449610,0
2449611,0
2449612,0
2449613,0
2449614,0
2449615,0
2449616,0
2449668,0.06811
2449669,0.08367
2449670,0.09322
2449671,0.09707
2449672,0.09894
2449673,0.09533
2449796,0.14253
2449797,0.16154
2449798,0.17602
2449799,0.18725
2449800,0.19926
2449801,0.20028
2449802,0.21096
2449803,0.22922
2449804,0.23847
2449810,0.27667
2449811,0.26268
2449812,0.2589
2449813,0.26996
2449814,0.27499
2449815,0.23689
2449816,0.20476
2449817,0.20765
2449855,0
2449856,0
2449857,0
2449890,0
2449891,0
2449892,0
2449893,0
2449894,0
2449895,0
2449896,0
2449903,0
2453213,0
2453214,0
2453215,0
2453216,0
2453217,0
2453223,0
2453224,0
2453225,0
2453226,0
2453227,0
2453228,0
2453229,0
2453230,0
2453231,0
2453232,0
2453233,0
2453282,0
2453284,0.03347
2453285,0.05276
2453287,0.09286
2453288,0.10183
2453289,0.10185
2453290,0.09672
2453321,0.10036
2453380,0.11243
2453381,0.11387
2453412,0.12577
2453413,0.13666
2453414,0.16564
2453417,0.20433
2453418,0.21332
2453419,0.22444
2453420,0.23386
2453421,0.24121
2453422,0.23963
2453423,0.2449
2453424,0.25188
2453430,0.27189
2453431,0.28901
2453432,0.26517
2453433,0.24216
2453434,0.21694
2453473,0
2453484,0
2453485,0
2453486,0
2453502,0
2453503,0
2453504,0
2453505,0
2453506,0
2453507,0
2453508,0
2453509,0
2453510,0
2453511,0
2453512,0
2453513,0
2453520,0
2453521,0
2453524,0
2453525,0
2453526,0
2456831,0
2456832,0
2456833,0
2456834,0
2456840,0
2456841,0
2456842,0
2456843,0
2456844,0
2456845,0
2456846,0
2456847,0
2456848,0
2456849,0
2456850,0
2456901,0.05162
2456902,0.06933
2456904,0.09585
2456905,0.10646
2456906,0.10391
2456938,0.09542
2456993,0.11099
2456994,0.06234
2456995,0.04822
2456996,0.06044
2456997,0.08676
2456998,0.07559
2456999,0.06135
2457000,0.05461
2457001,0.03936
2457002,0.02849
2457003,0.02549
2457029,0.10691
2457030,0.1286
2457036,0.2177
2457037,0.22251
2457038,0.17477
2457039,0.21923
2457040,0.225
2457041,0.21174
2457042,0.20702
2457043,0.18253
2457044,0.18645
2457045,0.19048
2457046,0.19103
2457047,0.22115
2457048,0.281
2457049,0.26863
2457050,0.247
2457051,0.21929
2457089,0
2457090,0
2457100,0
2457101,0
2457102,0
2457103,0
2457104,0
2457105,0
2457106,0
2457107,0
2457108,0
2457109,0
2457110,0
2457111,0
2457112,0
2457113,0
2457119,0
2457120,0
2457121,0
2457122,0
2457123,0
2457124,0
2457125,0
2457126,0
2457127,0
2457128,0
2457129,0
2457130,0
2457137,0
2457141,0
2457142,0
2460450,0
2460451,0
2460452,0
2460516,0.07528
2460518,0.07933
2460521,0.09994
2460522,0.10632
2460523,0.10779
2460609,0.13863
2460610,0.08297
2460611,0.00772
2460612,0
2460623,0.09412
2460624,0.10323
2460642,0.10946
2460645,0.10071
2460646,0.09932
2460647,0.10532
2460660,0.12421
2460661,0.13392
2460662,0.12242
2460663,0.09825
2460664,0.14385
2460683,0.04958
2460684,0.04551
2460690,0
2460691,0
2460692,0
2460693,0
2460694,0
2460695,0
2460696,0
2460697,0
2460698,0
2460700,0
2460701,0.00132
2460705,0
2460706,0
2460716,0
2460717,0
2460718,0
2460729,0
2460730,0
2460731,0
2460732,0
2460733,0
2460734,0
2460735,0
2460736,0
2460737,0
2460738,0
2460739,0
2460740,0
2460741,0
2460742,0
2460743,0
2460744,0
2460745,0
2460746,0
2460757,0
2460758,0
2464067,0
2464068,0
2464069,0
2464133,0.08658
2464134,0.09524
2464135,0.09421
2464137,0.09416
2464138,0.09799
2464139,0.10337
2464225,0.16711
2464226,0.15568
2464227,0.07813
2464240,0.09388
2464241,0.09462
2464259,0.10539
2464262,0.09722
2464263,0.0923
2464264,0.08194
2464298,0.01914
2464299,0.05099
2464300,0.05063
2464301,0.05117
2464306,0
2464307,0
2464308,0
2464310,0
2464311,0.00112
2464312,0.00441
2464313,0.00851
2464314,0.00759
2464315,0.00548
2464316,0.01618
2464317,0.01091
2464318,0
2464320,0
2464321,0
2464322,0
2464323,0
2464333,0
2464334,0
2464348,0
2464349,0
2464350,0
2464351,0
2464352,0
2464353,0
2464354,0
2464355,0
2464356,0
2464357,0
2464358,0
2464359,0
2464360,0
2464361,0
2464362,0
2464372,0
2464373,0
2464374,0
2464375,0
2464377,0
2464378,0
2464379,0
2467685,0
2467749,0.09143
2467750,0.07906
2467751,0.08943
2467842,0.16983
2467843,0.16073
2467858,0.07076
2467859,0.05449
2467860,0.05467
2467861,0.07315
2467880,0.09007
2467881,0.07623
2467882,0.04323
2467883,0.00651
2467884,0
2467888,0.08722
2467889,0.04229
2467890,0.03013
2467891,0.02108
2467913,0
2467914,0
2467915,0.03023
2467916,0.05066
2467917,0.04914
2467918,0.03743
2467922,0
2467923,0
2467924,0
2467935,0.00142
2467936,0
2467937,0
2467938,0
2467939,0
2467950,0.0114
2467951,0
2467966,0
2467967,0
2467968,0
2467969,0
2467970,0
2467971,0
2467972,0
2467973,0
2467974,0
2467975,0
2467976,0
2467977,0
2467989,0
2467990,0
2467991,0
2467992,0
2467993,0
2467994,0
2467995,0
2467996,0
2471302,0
2471366,0.08476
2471367,0.0799
2471368,0.0912
2471459,0.1692
2471460,0.15707
2471461,0.13924
2471462,0.12839
2471476,0.04679
2471477,0.0491
2471478,0.07336
2471479,0.08848
2471500,0.03293
2471501,0.02708
2471502,0.06025
2471503,0.10071
2471504,0.1207
2471505,0.10905
2471506,0.07684
2471507,0.05707
2471508,0.04662
2471509,0.04751
2471510,0.05073
2471511,0.05813
2471512,0.05344
2471513,0.06442
2471514,0.06829
2471515,0.06878
2471516,0.05819
2471517,0.05698
2471518,0.05242
2471519,0.06535
2471520,0.04787
2471521,0.0591
2471522,0.09021
2471530,0
2471531,0
2471532,0.03926
2471534,0.04368
2471535,0.02571
2471536,0.00667
2471537,0
2471538,0
2471539,0
2471540,0
2471552,0.00572
2471553,0
2471554,0
2471555,0
2471560,0.00215
2471561,0.00959
2471567,0.03086
2471568,0.01927
2471582,0
2471583,0
2471584,0
2471585,0
2471586,0
2471587,0
2471588,0
2471589,0
2471590,0
2471591,0
2471606,0
2471607,0
2471608,0
2471609,0
2471610,0
2471611,0
2471612,0
2474983,0.08048
2474984,0.08814
2474985,0.09155
2475077,0.16446
2475078,0.15827
2475079,0.12685
2475096,0.08592
2475097,0.08253
2475118,0.06818
2475119,0.08007
2475120,0.12497
2475121,0.11753
2475122,0.1189
2475123,0.09602
2475124,0.08358
2475125,0.07207
2475126,0.0662
2475127,0.06759
2475128,0.06592
2475129,0.05968
2475130,0.06746
2475131,0.07321
2475132,0.07746
2475133,0.08036
2475136,0.09291
2475137,0.09326
2475138,0.09596
2475139,0.09754
2475140,0.06927
2475147,0
2475148,0.00171
2475152,0.03225
2475153,0.02406
2475154,0.01587
2475169,0.01016
2475170,0
2475171,0
2475172,0
2475177,0.00504
2475178,0.01072
2475179,0.01734
2475184,0.04933
2475185,0.03697
2475198,0
2475199,0
2475200,0
2475201,0
2475202,0
2475203,0
2475204,0
2475205,0
2475206,0
2475207,0
2475208,0
2475223,0
2475224,0
2475225,0
2475226,0
2475227,0
2475228,0
2475229,0
2478600,0.08141
2478601,0.09189
2478696,0.12044
2478713,0.08289
2478714,0.07572
2478736,0.08002
2478737,0.10109
2478738,0.09841
2478739,0.09366
2478740,0.08578
2478756,0.09882
2478757,0.05557
2478758,0.03525
2478763,0
2478764,0
2478770,0.03
2478771,0.0247
2478787,0.00179
2478788,0
2478789,0
2478794,0.0093
2478795,0.01344
2478796,0.02018
2478800,0.04208
2478801,0.04841
2478802,0.03584
2478814,0
2478815,0
2478816,0
2478817,0
2478818,0
2478819,0
2478840,0
2478841,0
2478842,0
2478843,0
2478844,0
2482214,0.06113
2482215,0.08225
2482216,0.08892
2482217,0.09313
2482314,0.09643
2482315,0.09095
2482324,0.07056
2482325,0.06359
2482326,0.06471
2482330,0.06847
2482331,0.06426
2482373,0.10122
2482374,0.06654
2482375,0.04602
2482379,0
2482380,0
2482417,0.03803
2482418,0.03729
2482419,0.02979
2482420,0.01435
2482421,0.00351
2482422,0
2482423,0
2482424,0
2482425,0
2482426,0
2482427,0
2482428,0
2482429,0
2482430,0
2482431,0
2482432,0
2482458,0
2482459,0
2482460,0
2482461,0
2482462,0
2482463,0
2485831,0.03432
2485832,0.07539
2485833,0.09793
2485834,0.09998
2485931,0.13139
2485932,0.12852
2485933,0.1282
2485934,0.12167
2485935,0.11551
2485936,0.11138
2485938,0.13964
2485939,0.12608
2485940,0.10966
2485941,0.09443
2485942,0.08843
2485943,0.07767
2485944,0.08211
2485945,0.07427
2485946,0.05633
2485947,0.05242
2485948,0.05677
2485991,0.08146
2485992,0.06448
2485995,0
2485996,0
2485997,0.00789
2486034,0.03246
2486035,0.02961
2486036,0.02735
2486037,0.01982
2486038,0.01679
2486041,0.00901
2486042,0.00456
2486043,3e-5
2486044,0
2486045,0
2486046,0
2486058,0
2486059,0
2486076,0
2486077,0
2486078,0
2486079,0
2486080,0
2489447,0
2489448,0
2489449,0.03582
2489450,0.08545
2489549,0.13403
2489550,0.13042
2489551,0.12228
2489552,0.1191
2489553,0.11363
2489554,0.11121
2489555,0.13789
2489556,0.12762
2489557,0.10846
2489558,0.10077
2489561,0.08226
2489562,0.07459
2489563,0.05918
2489570,0.06045
2489608,0.0776
2489609,0.04377
2489610,0.01811
2489611,0
2489612,0
2489613,0
2489674,0
2489675,0
2489676,0
2489677,0
2489678,0
2489694,0
2489695,0
2489696,0
2489703,0
2489704,0
2489705,0
2493064,0
2493065,0
2493066,0.00247
2493168,0.11806
2493169,0.11763
2493170,0.11309
2493171,0.10986
2493172,0.12275
2493173,0.11282
2493174,0.09783
2493185,0.06007
2493186,0.05712
2493225,0.06813
2493226,0.03842
2493227,0.02541
2493228,0
2493229,0
2493290,0
2493291,0
2493292,0
2493293,0
2493294,0
2493295,0
2493306,0
2493307,0
2493320,0
2493321,0
2493322,0
2496680,0
2496681,0
2496682,0
2496683,0.01006
2496684,0.08473
2496685,0.10516
2496785,0.1106
2496786,0.10758
2496787,0.10545
2496788,0.10437
2496789,0.10269
2496790,0.09554
2496802,0.05473
2496803,0.05128
2496842,0.06009
2496843,0.03885
2496844,0.02726
2496845,0.01546
2496908,0
2496909,0
2496910,0
2496923,0
2496924,0
2496925,0
2496936,0
2496937,0
2496938,0
2496939,0
2500297,0
2500298,0
2500299,0
2500300,0.04794
2500301,0.09474
2500302,0.10915
2500388,0.13065
2500389,0.13622
2500390,0.14145
2500391,0.14323
2500402,0.10616
2500403,0.09965
2500404,0.09807
2500405,0.09722
2500406,0.09268
2500459,0.04947
2500460,0.03334
2500461,0.02387
2500462,0.01688
2500539,0
2500540,0
2500541,0
2500542,0
2500543,0
2500544,0
2500553,0
2500554,0
2500555,0
2500556,0
2503917,0.0893
2503918,0.11064
2503919,0.10991
2503921,0.10975
2503922,0.10668
2503955,0.08027
2503956,0.07795
2503957,0.0801
2503958,0.08494
2504005,0.12628
2504006,0.1306
2504007,0.13398
2504034,0.044
2504076,0.035
2504155,0
2504156,0
2504157,0
2504159,0
2504160,0
2504161,0
2504162,0
2504171,0
2504172,0
2507534,0.12503
2507535,0.12862
2507536,0.1115
2507538,0.12033
2507572,0.07902
2507573,0.07715
2507574,0.08062
2507575,0.08706
2507621,0.11688
2507622,0.12049
2507623,0.12282
2507624,0.12596
2507650,0.04602
2507769,0
2507770,0
2507772,0
2507773,0
2507778,0
2507779,0
2507780,0
2511150,0.12995
2511151,0.14028
2511152,0.12912
2511153,0.11367
2511154,0.12018
2511238,0.10899
2511239,0.11274
2511240,0.11502
2511241,0.11897
2511242,0.11921
2511253,0.08472
2511254,0.08299
2511387,0
2511395,0
2511396,0
2511397,0
2511398,0
2511405,0
2514767,0.13213
2514768,0.13435
2514771,0.11944
2514855,0.10073
2514856,0.10481
2514857,0.10557
2514858,0.10917
2514859,0.10578
2514860,0.10696
2514861,0.10382
2514862,0.10313
2514866,0.10007
2514867,0.09532
2514868,0.08943
2514869,0.08267
2514870,0.07722
2515013,0
2515014,0
2515015,0
2515020,0
2515021,0
2515022,0
2515023,0
2518384,0.13414
2518385,0.13145
2518388,0.11954
2518472,0.09438
2518473,0.09576
2518474,0.09576
2518475,0.09694
2518476,0.0965
2518477,0.09735
2518478,0.09494
2518482,0.09419
2518483,0.09097
2518484,0.08657
2518485,0.08058
2518486,0.07306
2518487,0.06803
2518630,0
2518631,0
2518632,0
2518637,0
2518638,0
2518639,0
2518640,0
2518641,0
2522089,0.08584
2522090,0.08477
2522091,0.08447
2522092,0.08502
2522093,0.08925
2522094,0.08763
2522095,0.08423
2522096,0.08552
2522097,0.08495
2522098,0.08569
2522099,0.08445
2522100,0.07917
2522101,0.07473
2522102,0.06991
2522103,0.06417
2522104,0.05986
2522247,0
2522248,0
2522249,0
2522254,0
2522255,0
2522256,0
2522257,0
2522258,0
2525619,0.1274
2525620,0.12147
2525663,0.08075
2525664,0.08158
2525706,0.07656
2525707,0.07593
2525708,0.07345
2525709,0.0727
2525710,0.07763
2525711,0.07648
2525712,0.07592
2525713,0.07788
2525714,0.07696
2525715,0.07572
2525716,0.07376
2525717,0.06847
2525718,0.06325
2525719,0.06016
2525867,0
2525871,0
2525872,0
2525873,0
2525874,0
2525875,0
2529235,0.13562
2529236,0.13372
2529237,0.12666
2529280,0.07979
2529281,0.08169
2529323,0.06661
2529324,0.06653
2529326,0.0654
2529327,0.06749
2529328,0.06856
2529329,0.07161
2529330,0.0721
2529331,0.07028
2529332,0.06658
2529484,0
2529485,0
2529486,0
2532852,0.14715
2532853,0.14068
2532922,0.05269
2532923,0.05136
2532924,0.05233
2532925,0.05502
2532940,0.0552
2532944,0.0591
2532945,0.06316
2532946,0.0642
2533101,0
2533102,0
2533103,0
2536469,0.14948
2536470,0.14033
2536539,0.04826
2536540,0.04742
2536541,0.04869
2536542,0.051090000000000003
2536557,0.05078
2536560,0.04956
2536561,0.05196
2536562,0.05569
2536718,0
2536719,0
2536720,0
2540156,0.04567
2540157,0.04594
2540158,0.04438
2540159,0.04839
2540160,0.04844
2540335,0
2540336,0
2540337,0
2543721,0.11142
2543722,0.11323
2543723,0.11247
2543773,0.04304
2543774,0.04234
2543775,0.04191
2543776,0.0415
2543959,0
2543960,0
2543961,0
2547313,0.11535
2547314,0.11278
2547315,0.13322
2547316,0.16356
2547317,0.17371
2547332,0.12987
2547333,0.11867
2547334,0.11359
2547335,0.11297
2547336,0.11346
2547337,0.1155
2547338,0.10981
2547339,0.11377
2547340,0.11072
2547365,0.08685
2547366,0.08831
2547388,0.03792
2547389,0.03584
2547390,0.03589
2547391,0.04185
2547576,0
2547577,0
2547578,0
2550930,0.13214
2550931,0.1699
2550932,0.18801
2550933,0.18652
2550934,0.18021
2550948,0.12976
2550949,0.12607
2550950,0.117
2550951,0.11569
2550952,0.12042
2550953,0.11903
2550954,0.11327
2550955,0.10709
2550956,0.10427
2550979,0.08803
2550980,0.08672
2550981,0.08455
2550982,0.087790000000000007
2550983,0.09183
2551005,0.04223
2551006,0.03744
2551007,0.03544
2551008,0.03549
2551009,0.0361
2551190,0
2551191,0
2551192,0
2551193,0
2551194,0
2551195,0
2551196,0
2551197,0
2551198,0
2551199,0
2554547,0.15008
2554548,0.198
2554549,0.20386
2554550,0.19308
2554564,0.1303
2554565,0.12636
2554566,0.12409
2554567,0.12183
2554593,0.08804
2554594,0.08726
2554595,0.08747
2554596,0.09053
2554597,0.0907
2554598,0.08712
2554599,0.08782
2554600,0.09617
2554623,0.03365
2554624,0.0323
2554625,0.03144
2554626,0.03686
2554627,0.04124
2554807,0
2554809,0
2554810,0
2554812,0
2554813,0
2554814,0
2554815,0
2554816,0
2558164,0.192
2558165,0.20657
2558166,0.20134
2558181,0.13017
2558182,0.12744
2558209,0.09172
2558210,0.09142
2558211,0.089
2558212,0.09347
2558213,0.09545
2558214,0.09462
2558215,0.09258
2558216,0.08957
2558240,0.03306
2558241,0.03162
2558242,0.03156
2558243,0.03624
2558244,0.03746
2558424,0.01126
2558426,0
2558427,0
2558428,0
2558429,0
2558430,0
2558431,0
2561780,0.21698
2561781,0.2134
2561782,0.20563
2561794,0.14425
2561795,0.13984
2561796,0.13451
2561805,0.0871
2561807,0.07938
2561808,0.06966
2561809,0.07148
2561824,0.09851
2561825,0.10159
2561826,0.0997
2561827,0.09818
2561828,0.09487
2561829,0.09571
2561830,0.10133
2561831,0.10171
2561832,0.09784
2561833,0.09364
2561854,0.03404
2561855,0.0435
2561857,0.03163
2561858,0.03001
2561859,0.0307
2561860,0.03691
2561868,0.03674
2561869,0.0368
2562041,0.01669
2562043,0
2562044,0
2562045,0
2562046,0
2562047,0
2565397,0.23898
2565398,0.21447
2565399,0.19959
2565406,0.13634
2565407,0.15501
2565408,0.16019
2565409,0.15147
2565410,0.14281
2565411,0.13225
2565412,0.13024
2565413,0.13137
2565414,0.13047
2565415,0.12812
2565416,0.12189
2565417,0.11206
2565418,0.11063
2565419,0.10997
2565420,0.10032
2565421,0.07668
2565422,0.05581
2565423,0.05385
2565424,0.04167
2565425,0.03146
2565426,0.0417
2565429,0.01786
2565430,0.01333
2565431,0.01277
2565432,0.01596
2565433,0.03249
2565434,0.05718
2565435,0.08026
2565436,0.0884
2565437,0.09611
2565438,0.10238
2565439,0.10414
2565440,0.10383
2565441,0.1067
2565442,0.10722
2565443,0.09948
2565444,0.10133
2565445,0.10399
2565446,0.10248
2565447,0.10579
2565448,0.10326
2565449,0.1021
2565450,0.09849
2565470,0.03988
2565471,0.03039
2565474,0.03378
2565475,0.03066
2565476,0.03174
2565480,0.04251
2565485,0.03696
2565486,0.03519
2565487,0.036
2565489,0.03674
2565658,0.01353
2565660,0
2565661,0
2565662,0
2565663,0
2565664,0
2569014,0.249
2569015,0.21736
2569016,0.20203
2569019,0.21196
2569020,0.19086
2569021,0.12568
2569022,0.06353
2569023,0.09513
2569024,0.14754
2569025,0.16399
2569026,0.15484
2569027,0.14593
2569028,0.13434
2569043,0.00428
2569044,0.03053
2569045,0.01082
2569046,0
2569047,0
2569091,0.04064
2569092,0.03645
2569096,0.03926
2569097,0.04184
2569098,0.04177
2569099,0.03908
2569106,0.03439
2569107,0.03835
2569275,0.00244
2569276,0
2569277,0
2569279,0
2569280,0
2569281,0
2572631,0.25491
2572632,0.22883
2572635,0.21209
2572636,0.22121
2572637,0.18872
2572638,0.09015
2572639,0
2572640,0.0733
2572641,0.15506
2572642,0.17051
2572643,0.15546
2572644,0.14182
2572660,0.00164
2572661,0.02843
2572662,0
2572663,0
2572713,0.04018
2572714,0.03763
2572715,0.03821
2572716,0.03702
2572723,0.03448
2572724,0.03474
2572726,0.03216
2572727,0.03402
2572892,0
2572893,0
2572894,0
2572896,0
2572897,0
2572898,0
2576248,0.24591
2576249,0.21062
2576250,0.17587
2576251,0.18551
2576252,0.20594
2576253,0.21753
2576256,0
2576257,0.07578
2576258,0.16299
2576259,0.16947
2576260,0.14743
2576261,0.13499
2576316,0.04664
2576317,0.04976
2576318,0.04893
2576331,0.04096
2576332,0.04407
2576342,0.02798
2576509,0
2576510,0
2576511,0
2576513,0
2576514,0
2579866,0.18558
2579867,0.11371
2579868,0.13198
2579933,0.0442
2579934,0.04236
2579935,0.04245
2579947,0.04014
2579948,0.04121
2579959,0.03166
2580107,0
2580108,0
2583550,0.03969
2583551,0.03838
2583552,0.0387
2583724,0
2583725,0
2583745,0
2583746,0
2583747,0
2587166,0.03891
2587167,0.0409
2587168,0.04037
2587169,0.03827
2587361,0.01005
2587362,0.00394
2587363,0
2587364,0
2590783,0.03713
2590784,0.03979
2590785,0.04138
2590786,0.03757
2590979,0.01601
2590981,0
2590982,0
2594400,0.03682
2594401,0.03972
2594402,0.03999
2594596,0.01078
2594598,0
2598017,0.04008
2598018,0.04293
2598019,0.04303
2598213,0.00594
2598215,0
2601830,0
2601831,0
2601832,0
2605447,0
2605448,0
2612479,0.03972
2612480,0.03948
2612481,0.03732
2612482,0.03815
2616096,0.03926
2616097,0.03645
2616098,0.03905
2616099,0.03891
2616299,0
2616300,0
2616301,0
2616302,0
2619713,0.03794
2619714,0.0357
2619715,0.03756
2619716,0.03609
2619916,0
2619918,0
2619919,0
2619920,0
2623330,0.0365
2623331,0.03622
2623332,0.03612
2623533,0.0035
2623536,0
2623537,0
2626946,0.03949
2626947,0.03936
2626948,0.03805
2626949,0.03508
2627150,0
2627151,0
2627153,0
2627154,0
2630563,0.0394
2630564,0.04353
2630565,0.03929
2630767,0
2630768,0
2630769,0
2630770,0
2630771,0
2634180,0.04019
2634181,0.0442
2634182,0.04067
2634188,0.03878
2634189,0.03401
2634384,0
2634385,0
2634386,0
2634387,0
2634388,0
2637797,0.03829
2637798,0.03982
2637799,0.03981
2637805,0.04327
2637806,0.03439
2638001,0
2638002,0
2638003,0
2638004,0
2638005,0
2641414,0.03537
2641415,0.03488
2641421,0.0478
2641422,0.04074
2641619,0
2641620,0
2641621,0
2645045,0.03157
2645046,0.0303
2648853,0
2648854,0
2652470,0
2652471,0
2652472,0
2656086,0
2656087,0
2656088,0
2656089,0
2659493,0.06654
2659494,0.06262
2659495,0.05385
2659496,0.05168
2659497,0.04921
2659703,0.00299
2659704,0
2659705,0
2659706,0
2663110,0.05869
2663111,0.05855
2663112,0.05269
2663113,0.0475
2663114,0.04023
2663319,0.00973
2663320,0.0032
2663322,0
2666727,0.05373
2666728,0.05719
2666729,0.05267
2666730,0.03968
2666936,0.00875
2666937,0
2666938,0
2666939,0
2670343,0.06101
2670344,0.05821
2670345,0.05503
2670346,0.05209
2670347,0.04346
2670554,0
2670555,0
2670556,0
2673960,0.06463
2673961,0.06169
2673962,0.05228
2673963,0.04747
2673964,0.04607
2673983,0.0237
2673984,0.0268
2677577,0.06396
2677578,0.05371
2677579,0.04559
2677580,0.04525
2677581,0.04567
2677600,0.02512
2677601,0.02522
2681194,0.05602
2681195,0.0463
2681196,0.04393
2681197,0.04669
2681198,0.05167
2681204,0.04782
2681205,0.04045
2681403,0
2681404,0
2684811,0.05656
2684812,0.05022
2684813,0.05017
2684814,0.05124
2684821,0.04616
2684822,0.0406
2685019,0.01634
2685020,8.4e-4
2685021,0
2685035,0
2685036,0
2688427,0.05402
2688428,0.05202
2688429,0.05181
2688430,0.0514
2688438,0.04488
2688439,0.03815
2688635,0.01814
2688636,0.02616
2688637,0.00504
2688638,0
2688652,0
2688653,0
2688654,0
2692044,0.04953
2692045,0.05153
2692046,0.05309
2692252,0.01023
2692253,0
2692254,0
2692255,0
2692269,0
2692270,0
2692271,0
2692272,0
2695661,0.05218
2695662,0.05204
2695870,0
2695871,0
2695872,0
2695886,0
2695887,0
2695888,0
2695889,0
2699278,0.05704
2699279,0.05221
2699486,0
2699487,0
2699488,0
2699503,0
2699504,0
2699505,0
2702895,0.05534
2702896,0.05371
2703103,0
2703104,0
2703105,0
2706512,0.0563
2706513,0.05622
2706721,0
2706722,0
2710128,0.05317
2710336,0
2710337,0
2710338,0
2710339,0
2713745,0.05371
2713867,0
2713868,0
2713953,0
2713954,0
2717362,0.05637
2717369,0.05146
2717370,0.05213
2717484,0
2717485,0
2717486,0
2717569,0
2717570,0
2717571,0
2720979,0.05676
2720986,0.0528
2720987,0.05248
2721085,0
2721086,0
2721087,0
2721088,0
2721089,0
2721090,0
2721091,0
2721092,0
2721093,0
2721094,0
2721095,0
2721101,0
2721102,0
2721103,0
2721186,0
2721187,0
2721188,0
2724591,0.06418
2724592,0.06358
2724593,0.0581
2724594,0.05771
2724595,0.0563
2724596,0.05782
2724603,0.04997
2724604,0.05079
2724699,0
2724700,0
2724701,0
2724702,0
2724703,0
2724704,0
2724705,0
2724706,0
2724707,0
2724708,0
2724719,0
2724720,0
2724727,0
2724728,0
2724802,0
2724803,0
2724804,0
2728208,0.06083
2728209,0.06085
2728210,0.05789
2728211,0.05613
2728212,0.05832
2728314,0
2728315,0
2728316,0
2728317,0
2728318,0
2728319,0
2728321,0
2728322,0
2728323,0
2728324,0
2728325,0
2728336,0
2728337,0
2728343,0
2728344,0
2728345,0
2728351,0
2728352,0
2728419,0
2728420,0
2731825,0.06323
2731826,0.06106
2731827,0.06073
2731929,0
2731930,0
2731931,0
2731932,0
2731933,0
2731934,0
2731935,0
2731940,0
2731941,0
2731942,0
2731953,0
2731954,0
2731960,0
2731961,0
2731962,0
2731963,0
2731968,0
2731969,0
2731970,0
2731971,0
2732034,0
2732035,0
2732036,0
2732037,0
2735441,0.0647
2735442,0.06142
2735443,0.0609
2735452,0.05315
2735453,0.05051
2735544,0
2735545,0
2735546,0
2735547,0
2735548,0
2735550,0
2735551,0
2735558,0
2735559,0
2735570,0
2735571,0
2735578,0
2735579,0
2735580,0
2735581,0
2735582,0
2735585,0
2735586,0
2735587,0
2735588,0
2735651,0
2735652,0
2735653,0
2739058,0.06064
2739059,0.0548
2739060,0.05819
2739069,0.05642
2739070,0.0532
2739161,0
2739162,0
2739163,0
2739164,0
2739165,0
2739167,0
2739175,0
2739176,0
2739187,0
2739188,0
2739195,0
2739196,0
2739197,0
2739198,0
2739199,0
2739203,0
2739204,0
2739205,0
2739209,0
2739267,0.01266
2739268,0.00405
2739269,0
2739270,0
2742675,0.06436
2742676,0.05804
2742775,0
2742776,0
2742777,0
2742778,0
2742779,0
2742780,0
2742781,0
2742782,0
2742792,0
2742793,0
2742804,0
2742805,0
2742806,0
2742813,0
2742814,0
2742815,0
2742816,0
2742819,0
2742820,0
2742821,0
2742826,0
2742827,0
2742884,0.00739
2742885,0
2742886,0
2742887,0
2746287,0.09265
2746288,0.0858
2746289,0.08183
2746290,0.08016
2746291,0.07773
2746392,0
2746393,0
2746394,0
2746395,0
2746422,0
2746432,0
2746437,0
2746438,0
2746443,0
2746444,0
2746451,0
2746452,0
2746453,0
2746454,0
2746473,0
2746474,0
2746501,0
2746502,0
2746503,0
2749904,0.08924
2749905,0.07955
2749906,0.07646
2749907,0.076550000000000007
2749908,0.07267
2750009,0
2750010,0
2750011,0
2750012,0
2750039,0
2750040,0
2750068,0
2750069,0
2750070,0
2750071,0
2750074,0
2750075,0
2750076,0
2750089,0
2750090,0
2750091,0
2750092,0
2753521,0.08368
2753522,0.07131
2753523,0.06893
2753524,0.07249
2753525,0.06907
2753625,0
2753626,0
2753627,0
2753628,0
2753629,0
2753656,0
2753657,0
2753684,0
2753685,0
2753686,0
2753687,0
2753688,0
2753691,0
2753692,0
2753693,0
2753706,0
2753707,0
2753708,0
2753709,0
2753710,0
2757138,0.0829
2757139,0.07118
2757140,0.06823
2757141,0.07146
2757241,0
2757242,0
2757243,0
2757244,0
2757245,0
2757272,0
2757273,0
2757274,0
2757301,0
2757302,0
2757303,0
2757304,0
2757305,0
2757308,0
2757309,0
2757310,0
2757325,0
2757326,0
2760754,0.09291
2760755,0.08661
2760756,0.07942
2760757,0.07416
2760857,0
2760858,0
2760859,0
2760860,0
2760888,0
2760889,0
2760890,0
2760891,0
2760892,0
2760893,0
2764371,0.09385
2764372,0.08698
2764373,0.08206
2764472,0
2764473,0
2764474,0
2764475,0
2764476,0
2764505,0
2764506,0
2764507,0
2764508,0
2764509,0
2764510,0
2764511,0
2764512,0
2764513,0
2764514,0
2767984,0.15044
2767985,0.10364
2767986,0.10002
2767987,0.0981
2767988,0.08984
2768082,0
2768088,0
2768089,0
2768090,0
2768091,0
2768132,0
2768133,0
2768134,0
2768135,0
2771601,0.15019
2771602,0.11413
2771603,0.10405
2771604,0.08966
2771699,0
2771700,0
2771701,0
2771702,0
2771703,0
2771704,0
2771705,0
2771706,0
2771707,0
2771750,0
2771751,0
2771752,0
2771797,0
2771831,0
2771832,0
2775218,0.1341
2775219,0.10586
2775220,0.09681
2775221,0.09037
2775316,0
2775317,0
2775318,0
2775319,0
2775320,0
2775321,0
2775322,0
2775323,0
2775368,0
2775369,0
2775370,0
2775414,0
2775446,0
2775447,0
2775448,0
2775449,0
2778835,0.10007
2778836,0.09338
2778837,0.09923
2778838,0.10052
2778986,0
2778987,0
2778988,0
2779029,0
2779030,0
2779031,0
2779062,0
2779063,0
2779064,0
2779065,0
2779066,0
2782452,0.08118
2782453,0.08988
2782604,0
2782605,0
2782606,0
2782644,0
2782645,0
2782646,0
2782647,0
2782648,0
2782678,0
2782679,0
2782680,0
2782681,0
2782682,0
2786069,0.08576
2786070,0.09885
2786071,0.10785
2786222,0
2786223,0
2786260,0
2786261,0
2786262,0
2786263,0
2786264,0
2786265,0
2786296,0
2786297,0
2789867,0
2789868,0
2789869,0
2789870,0
2789876,0
2789877,0
2789917,0
2793484,0
2793485,0
2793486,0
2793487,0
2793534,0
2793535,0
2797102,0
2797103,0
2797104,0
2797151,0.00135
2797152,0.00349
2800540,0.12792
2800709,0
2800710,0
2800711,0
2800768,0.00296
2804157,0.12681
2804235,0.09769
2804310,0
2804318,0
2804319,0
2804320,0
2804321,0
2804322,0
2804323,0
2804324,0
2804325,0
2804326,0
2804327,0
2804328,0
2804329,0
2804385,0.00753
2807774,0.13897
2807852,0.10802
2807927,0
2807928,0
2807929,0
2807930,0
2807931,0
2807932,0
2807933,0
2807934,0
2807935,0
2807936,0
2807937,0
2807938,0
2807943,0
2807945,0
2807946,0
2807947,0
2808002,0.00534
2811390,0.1832
2811391,0.15915
2811468,0.14595
2811469,0.1267
2811564,0
2815008,0.1678
2815085,0.16902
2815086,0.14882
2815181,0
2818625,0.18169
2818626,0.14096
2818701,0.20883
2818702,0.21468
2818703,0.194
2818798,0
2818799,0
2818800,0
2822242,0.18485
2822243,0.15796
2822244,0.12772
2822317,0.22753
2822318,0.22861
2822319,0.24368
2822415,0
2822416,0
2822417,0
2822418,0
2822419,0
2822420,0
2822421,0
2822422,0
2822423,0
2822424,0
2825860,0.16443
2825861,0.15099
2825862,0.11336
2825934,0.25564
2825935,0.25672
2825936,0.2662
2826035,0
2826036,0
2826037,0
2826038,0
2826039,0
2826040,0
2826041,0
2829477,0.16239
2829478,0.16178
2829479,0.13075
2829550,0.26266
2829551,0.28225
2829552,0.29894
2829553,0.31381
2829655,0
2829656,0
2829657,0
2833095,0.17237
2833096,0.15441
2833097,0.13099
2833098,0.12096
2833166,0.2557
2833167,0.2734
2833168,0.2938
2833169,0.32057
2833170,0.34256
2836713,0.16141
2836714,0.14372
2840330,0.15969
2840331,0.15679
2840332,0.14314
2840559,0.00713
2843948,0.16361
2843949,0.14876
2844016,0.26567
2844176,0.00972
2847566,0.16053
2847567,0.15085
2847568,0.15301
2847597,0.06315
2847598,0.07134
2847599,0.0655
2847600,0.06811
2847632,0.26063
2847633,0.27977
2847793,0.00926
2851184,0.15685
2851185,0.16244
2851186,0.13157
2851187,0.11236
2851213,0.05533
2851214,0.06102
2851215,0.08957
2851216,0.0925
2851217,0.083
2851218,0.09373
2851219,0.09693
2851220,0.08797
2851221,0.08391
2851222,0.08112
2851223,0.08334
2851224,0.0824
2851225,0.07989
2851247,0.22549
2851248,0.24281
2851249,0.26106
2851250,0.2788
2851410,0.00926
2851411,0.00727
2854802,0.16576
2854803,0.14319
2854804,0.12274
2854805,0.12415
2854829,0.05423
2854830,0.03524
2854831,0.05573
2854835,0.10115
2854836,0.13133
2854837,0.10507
2854838,0.08595
2854839,0.08329
2854840,0.08771
2854841,0.08734
2854842,0.08921
2854864,0.22978
2854865,0.24786
2854866,0.26122
2855026,0.00901
2855027,0.00913
2855028,0.00858
2858420,0.15087
2858421,0.13827
2858422,0.13686
2858444,0.07224
2858459,0.1015
2858460,0.113
2858480,0.21461
2858481,0.23251
2858482,0.25591
2858483,0.26247
2858643,0.00827
2858644,0.0089
2858645,0.0088
2858646,0.00937
2862037,0.13858
2862038,0.14486
2862039,0.15503
2862040,0.14678
2862041,0.12801
2862060,0.07272
2862077,0.12718
2862078,0.12616
2862079,0.11045
2862097,0.21908
2862098,0.22975
2862099,0.25449
2862100,0.26961
2862260,0.0099
2862261,0.01114
2862262,0.00745
2862263,0.00627
2862264,0.0051
2862265,0.00794
2865654,0.1509
2865655,0.16429
2865656,0.1861
2865657,0.16823
2865658,0.13834
2865659,0.14204
2865660,0.14323
2865661,0.13744
2865672,0.0881
2865673,0.08729
2865674,0.09473
2865675,0.08863
2865676,0.0785
2865677,0.07424
2865695,0.13533
2865696,0.11897
2865697,0.11356
2865698,0.10441
2865714,0.21715
2865715,0.22071
2865716,0.24068
2865877,0.00964
2865878,0.01087
2865879,0.00556
2865880,0.00332
2865881,0.00262
2865882,0.00332
2865883,0.0041
2869271,0.17904
2869272,0.18794
2869273,0.2093
2869274,0.18811
2869275,0.15576
2869276,0.15224
2869277,0.14753
2869278,0.13957
2869279,0.1291
2869280,0.11625
2869288,0.08433
2869289,0.08716
2869290,0.09919
2869291,0.11323
2869292,0.1018
2869293,0.08059
2869294,0.07718
2869314,0.11783
2869315,0.1231
2869316,0.12045
2869330,0.21312999999999999
2869331,0.21659
2869332,0.2105
2869333,0.22655
2869494,0.00672
2869495,0.00837
2869496,0.00547
2869497,0.00229
2869498,0.00119
2869499,0
2869500,0.00225
2872889,0.21301
2872890,0.2085
2872891,0.18978
2872892,0.16328
2872893,0.1623
2872894,0.15291
2872895,0.14038
2872896,0.12513
2872897,0.10961
2872905,0.08479
2872906,0.08943
2872907,0.10804
2872908,0.12422
2872909,0.10968
2872932,0.12994
2872933,0.13825
2872934,0.12398
2872947,0.21269
2872948,0.21227
2872949,0.20434
2872950,0.20936
2873111,5.4e-4
2873112,0.00405
2873113,0.00532
2873114,0.00156
2873115,0
2873116,8.6e-4
2873117,0.00103
2876506,0.19894
2876507,0.20456
2876508,0.19516
2876509,0.1774
2876510,0.17668
2876511,0.16573
2876512,0.1455
2876513,0.11809
2876514,0.10364
2876520,0.08106
2876521,0.0852
2876522,0.08901
2876523,0.09111
2876550,0.15008
2876551,0.13279
2876564,0.20055
2876565,0.19652
2876566,0.19605
2876728,0
2876729,3.7e-4
2876730,0.00275
2876731,3.6e-4
2876732,6.2e-4
2876733,0.00248
2876734,4.8e-4
2876735,0
2880131,0.10123
2880350,0.00258
2880351,9.6e-4
2880352,0
2880353,0
2883748,0.1128
2883749,0.1041
2883750,0.09673
2883751,0.09521
2883752,0.09522
2883967,0.00264
2883968,0.00309
2883969,0.00373
2883970,0.00225
2883971,0.0017
2887365,0.12811
2887366,0.11142
2887367,0.10423
2887368,0.10527
2887369,0.10512
2887584,0.00513
2887585,0.00518
2887586,0.00477
2887587,0.00443
2887588,0.00202
2887589,0.00302
2891201,0.00523
2891202,0.0064
2891203,0.00498
2891204,0.00521
2891205,0.00114
2894817,7.8e-4
2894818,0.0033
2894819,0.00683
2894820,0.00912
2894821,0.00686
2894822,0.00222
2898434,0.00616
2898435,0.00932
2898436,0.01342
2898437,0.01462
2898438,0.0118
2898439,0.00714
2898440,0.00356
2898441,0.00526
2905678,0
2905679,0
2909295,0
2909296,0
2909297,0
2909298,0
2912912,0
2912913,0
2912914,0
2912915,0
2916529,3.6e-4
2916530,0
2916531,0
2916532,0
2920146,0.00728
2920147,0
2920148,0
2920149,0
2920150,0
2920151,0
2923768,0
2923769,0
2927385,0
2927386,0
2927387,0
2927388,0
2931002,0
2931003,0
2931004,0
2931005,0
2934619,0
2934620,0
2934621,0
2934622,0
2934623,0
2934624,0
2934625,0
2934626,0
2934627,0
2938236,0
2938237,0
2938238,0
2938239,0
2938240,0
2941852,0
2941853,0
2941854,0
2941855,0
2941856,0
2941857,0
2941858,0
3227703,0
3231320,0
3231321,0
3231322,0
3234937,0
3234938,0
3234939,0
3242176,0
3245793,0
3245794,0
3245795,0
3245796,0
3249410,0
3249411,0
3249412,0
3249413,0
3249414,0
3253027,0
3253028,0
3253029,0
3253030,0
3253031,0
3253032,0
3256644,0
3256645,0
3256646,0
3256647,0
3256648,0
3256649,0
3260266,0
3263883,0
3263884,0
3263893,0
3267500,0
3267501,0
3267510,0
3267511,0
3271117,0
3271118,0
3271119,0
3271131,0
3274734,0
3274735,0
3274736,0
3274748,0
3278351,0
3278352,0
3278353,0
3278354,0
3278355,0
3278358,0
3278359,0
3278360,0
3281983,0
3285600,0
3289217,0
3289218,0
3289219,0
3289220,0
3292834,0
3292835,0
3292836,0
3292837,0
3296451,0
3296452,0
3296453,0
3300068,0
3300069,0
3300070,0
3300071,0
3307307,0
3307308,0
3310924,0
3310925,0
3314541,0
3314542,0
3318158,0
3318159,0
3318160,0
3318161,0
3321775,0
3321776,0
3321777,0
3321778,0
3325377,0.05429
3325378,0.04905
3325379,0.04548
3325380,0.0315
3325381,0.01918
3325392,0
3325393,0
3325394,0
3325395,0
3328994,0.0606
3328995,0.05864
3328996,0.05227
3328997,0.04261
3328998,0.03627
3329009,0
3329010,0
3329011,0
3329012,0
3332611,0.03591
3332612,0.04455
3332613,0.05408
3332614,0.05502
3332615,0.04927
3332626,0
3332627,0
3332628,0
3332629,0
3332630,0
3332631,0
3336228,0
3336229,0.0067
3336230,0.04325
3336231,0.05834
3336232,0.05517
3336243,0
3336244,0
3336245,0
3336246,0
3336247,0
3336248,0
3339845,0
3339846,0
3339847,0.03091
3339848,0.05285
3339849,0.03584
3339860,0
3339861,0
3339862,0
3339863,0
3339864,0
3339865,0
3343462,0
3343463,0
3343464,0.01359
3343465,0.03068
3343466,0.00421
3343477,0
3343478,0
3343479,0
3343480,0
3343481,0
3343482,0
3343529,0
3343530,0
3347079,0
3347080,0
3347081,0
3347082,0.02274
3347083,0
3347094,0
3347095,0
3347096,0
3347097,0
3347098,0
3347099,0
3347146,0
3347147,0
3350716,0
3350763,0
3350764,0
3350769,0
3354333,0
3354334,0
3354381,0
3354386,0
3357950,0
3357951,0
3361567,0
3361568,0
3361569,0
3361570,0
3361571,0
3361572,0
3365184,0.00318
3365185,0
3365186,0
3365187,0
3365188,0
3365189,0
3365190,0
3368801,0.02244
3368802,0.01015
3368803,0.00197
3368804,0
3368805,0
3368806,0
3368807,0
3376045,0
3376046,0
3376047,0
3376048,0
3376049,0
3376050,0
3376051,0
3376059,0
3376060,0
3376061,0
3376062,0
3376063,0
3376064,0
3376065,0
3376066,0
3376086,0
3376087,0
3379662,0
3379663,0
3379664,0
3379665,0
3379666,0
3379667,0
3379668,0
3379669,0
3379670,0
3379671,0
3379672,0
3379673,0
3379674,0
3379675,0
3379676,0
3379677,0
3379678,0
3379679,0
3379680,0
3379681,0
3379682,0
3379683,0
3379684,0
3379685,0
3379686,0
3379687,0
3379688,0
3379689,0
3379703,0
3379704,0
3383279,0.01859
3383280,0.01289
3383281,0.00374
3383282,0
3383283,0
3383284,0
3383285,0
3383286,0
3383287,0
3383288,0
3383289,0
3383290,0
3383291,0
3383292,0
3383293,0
3383294,0
3383295,0
3383296,0
3383297,0
3383298,0
3383299,0
3383300,0
3383301,0
3383302,0
3383303,0
3383304,0
3383305,0
3383306,0
3383307,0
3383308,0
3386896,0.03881
3386897,0.03139
3386898,0.02471
3386899,0.02302
3386900,0.02138
3386901,0.01482
3386902,0.01071
3386903,0.01204
3386904,0.01105
3386905,0.0079
3386906,0.00634
3386907,0.007
3386908,0.00845
3386909,0.0075
3386910,0.01312
3386911,0.01319
3386912,0.01255
3386913,0.0125
3386914,0.009
3386915,0.00689
3386916,0.00547
3386917,0.00234
3386918,0
3386919,0
3386920,0
3386921,0
3386922,0
3386923,0
3386924,0
3386925,0
3390513,0.05901
3390514,0.04961
3390515,0.0418
3390516,0.042659999999999997
3390517,0.03936
3390518,0.03202
3390519,0.03015
3390520,0.02941
3390521,0.02844
3390522,0.02589
3390523,0.02458
3390524,0.02417
3390525,0.02562
3390526,0.023
3390527,0.02266
3390528,0.02228
3390529,0.02085
3390530,0.02091
3390531,0.02309
3390532,0.02028
3390533,0.01589
3390534,0.00898
3390535,0.00307
3390536,0
3390537,0
3390538,0
3390539,0
3390540,0
3390541,0
3390542,0
3390543,0
3394140,0.04455
3394141,0.04122
3394142,0.03984
3394143,0.03429
3394144,0.028
3394145,0.02631
3394146,0.02616
3394147,0.02756
3394148,0.0314
3394149,0.03196
3394150,0.02663
3394151,0.01842
3394152,0.01155
3394153,0.01013
3394154,0.00549
3394155,0
3394156,0
3394157,0
3394158,0
3394159,0
3394160,0
3394161,0
3397757,0.06029
3397758,0.05523
3397759,0.04909
3397760,0.04408
3397761,0.03707
3397762,0.03391
3397763,0.03584
3397764,0.03402
3397765,0.03404
3397766,0.03566
3397767,0.0355
3397768,0.03332
3397769,0.0271
3397770,0.0229
3397771,0.01935
3397772,0.0121
3397773,0.00255
3397774,0
3397775,0
3397776,0
3397777,0
3397778,0
3397779,0
3401374,0.07366
3401375,0.06812
3401376,0.06071
3401377,0.05408
3401378,0.04713
3401379,0.04581
3401380,0.04734
3401381,0.04405
3401382,0.04178
3401383,0.04582
3401384,0.05198
3401385,0.05113
3401386,0.0478
3401387,0.04271
3401388,0.0412
3401389,0.03591
3401390,0.0241
3401391,0.01415
3401392,2.8e-4
3401393,0
3401394,0
3401395,0
3401396,0
3401397,0
3404991,0.08411
3404992,0.07988
3404993,0.07429
3404994,0.07042
3404995,0.06066
3404996,0.06151
3404997,0.06265
3404998,0.06115
3404999,0.06243
3405000,0.06583
3405001,0.07104
3405002,0.06816
3405003,0.06745
3405004,0.06671
3405005,0.06502
3405006,0.06164
3405007,0.04897
3405008,0.0341
3405009,0.0172
3405010,0.00506
3405011,0
3405012,0
3405013,0
3405014,0
3408608,0.09582
3408609,0.09574
3408610,0.09261
3408611,0.08855
3408612,0.08176
3408613,0.08106
3408614,0.08135
3408615,0.07475
3408616,0.07612
3408621,0.08041
3408622,0.07739
3408623,0.07614
3408624,0.06989
3408625,0.05153
3408626,0.03234
3408627,0.01881
3408628,0
3408629,0
3408630,0
3408631,0
3408632,0
3412225,0.10651
3412226,0.10324
3412227,0.09504
3412229,0.08379
3412241,0.08008
3412242,0.06579
3412243,0.05286
3412244,0.04012
3412245,0.01866
3412246,0.00159
3412247,0
3412248,0
3412249,0
3412250,0
3415867,0
3415868,0
3419484,0
3419485,0
3419486,0
3419487,0
3423101,0.00162
3423102,0
3423103,0
3423104,0
3423105,0
3423106,0
3423107,0
3426718,0.01125
3426719,0
3426720,0
3426721,0
3426722,0
3426723,0
3426724,0
3430335,0.03042
3430336,0.00806
3430337,0
3430338,0
3430339,0
3430340,0
3430341,0
3430342,0
3433952,0.04126
3433953,0.024
3433954,0.00669
3433955,0
3433956,0
3433957,0
3433958,0
3433959,0
3433960,0
3441196,0
3441197,0
3444813,0
3444814,0
3448430,0
3448431,0
3448432,0
3448486,0
3452047,0
3452048,0
3452049,0
3452050,0
3452088,0
3452102,0
3452103,0
3455664,0
3455665,0
3455666,0
3455667,0
3455668,0
3455719,0
3455720,0
3459286,0
3462903,0
3466520,0
3466521,0
3470137,0
3470138,0
3470139,0
3473754,0.0046
3473755,0
3473756,0
3477371,0.01453
3477372,0.00337
3477373,0
3477374,0
3480989,0.0144
3480990,0.00573
3480991,0
3488228,0
3488229,0
3488230,0
3491845,0
3491846,0
3491847,0
3491848,0
3491849,0
3491850,0
3491851,0
3491857,0
3491858,0
3491859,0
3491860,0
3491861,0
3495462,0.00874
3495463,0
3495464,0
3495465,0
3495466,0
3495467,0
3495468,0
3495469,0
3495470,0
3495471,0
3495472,0
3495473,0
3495474,0
3495475,0
3495476,0
3495477,0
3495478,0
3495479,0
3495480,0
3499079,0.02244
3499080,0.01222
3499081,0
3499082,0
3499083,0
3499084,0
3499085,0
3499086,0
3499087,0
3499088,0
3499089,0
3499090,0
3499091,0
3499092,0
3499093,0
3499094,0
3499095,0
3499096,0
3499097,0
3502696,0.03084
3502697,0.0284
3502698,0.01155
3502699,0
3502700,0
3502701,0
3502702,0
3502703,0
3502704,0
3502705,0
3502706,0
3502707,0
3502708,0
3502709,0
3502710,0
3502711,0
3502712,0
3502713,0
3502714,0
3506328,0
3506329,0
3506330,0
3506331,0
3506332,0
3509945,0
3509946,0
3509947,0
3509948,0
3509949,0
3513562,0
3513563,0
3513564,0
3513565,0
3513566,0
3517180,0
3517181,0
3517182,0
3517183,0
3520797,0
3520798,0
3520799,0
3520800,0
3524414,0
3524415,0
3524416,0
3524417,0
3549737,0
3553354,0
3556971,0
3560588,0
3560589,0
3564205,0
3564206,0
3567822,0
3567823,0
3618466,0
3622083,0
4320078,0
4320079,0
4323693,0
4323694,0
4323695,0
4323696,0
4327310,0
4327311,0
4327312,0
4327313,0
4330922,0
4330923,0
4330924,0
4330925,0
4330927,0
4330928,0
4330929,0
4330930,0
4330931,0
4334539,0
4334540,0
4334541,0
4334542,0
4334543,0
4334544,0
4334545,0
4334546,0
4334547,0
4334548,0
4338157,0
4338158,0
4338159,0
4338160,0
4338161,0
4338162,0
4338163,0
4338164,0
4338165,0
4384386,0
4384387,0
4388003,0
4388004,0
4492780,0
4492781,0
4492782,0
4496397,0
4496398,0
4496399,0
4500015,0
4500016,0
4517250,0
4517251,0
4520866,0
4520867,0
4520868,0
4524482,0
4524483,0
4524484,0
4528098,0
4528099,0
4528100,0
4531715,0
4531716,0
4535331,0
4535332,0
4535333,0
4538947,0
4538948,0
4538949,0
4542564,0
4542565,0
4546180,0
4546181,0
4546182,0
4546311,0
4546312,0
4549796,0
4549797,0
4549798,0
4549926,0
4549927,0
4549928,0
4549929,0
4553412,0
4553413,0
4553414,0
4553544,0
4553545,0
4553546,0
4557029,0
4557030,0
4557160,0
4557161,0
4557162,0
4560645,0
4560646,0
4560776,0
4560777,0
4560778,0
4560779,0
4561206,0
4561207,0
4561208,0
4564261,0
4564262,0
4564392,0
4564393,0
4564394,0
4564395,0
4564823,0
4564824,0
4564825,0
4564826,0
4567878,0
4568009,0
4568010,0
4568011,0
4568441,0
4568442,0
4568443,0
4571494,0
4571495,0
4571625,0
4571626,0
4571627,0
4575110,0
4575161,0
4575242,0
4578726,0
4578777,0
4582393,0
4585959,0
4589575,0
4593191,0
4596858,0
4600420,0
4600421,0
4600422,0
4600423,0
4600424,0
4604037,0
4604038,0
4604039,0
4607652,0
4607653,0
4607654,0
4607655,0
4611268,0
4611269,0
4611270,0
4611271,0
4614884,0
4614885,0
4614886,0
4614887,0
4618500,0
4618501,0
4618502,0
4622117,0
4622118,0
4625733,0
4625734,0
4629349,0
4629350,0
4632965,0
4632966,0
4636582,0
4640198,0
4640199,0
4643814,0
4643815,0
4647430,0
4647431,0
4651047,0
4654663,0
4658279,0
4661895,0
4661950,0
4665511,0
4665566,0
4665567,0
4669182,0
4669183,0
4669184,0
4672800,0
4672801,0
4676416,0
4676417,0
4687204,0
4687205,0
4687206,0
4690820,0
4690821,0
4690822,0
4694436,0
4694437,0
4698053,0
4701669,0
4701670,0
4705285,0
4705286,0
4705418,0
4705419,0
4708901,0
4709034,0
4709035,0
4712651,0
4748670,0
4770363,0
4770364,0
4770365,0
4773978,0
4773979,0
4773980,0
4773981,0
4774166,0
4777595,0
4777596,0
4777788,0
4777789,0
4781211,0
4781403,0
4781404,0
4781405,0
4781406,0
4784827,0
4785018,0
4785019,0
4785020,0
4785021,0
4785022,0
4785023,0
4788443,0
4788634,0
4788635,0
4788636,0
4788637,0
4788638,0
4788639,0
4788640,0
4792059,0
4792250,0
4792251,0
4792252,0
4792253,0
4792254,0
4792255,0
4792256,0
4795675,0
4795866,0
4795867,0
4795868,0
4795869,0
4795870,0
4795871,0
4795872,0
4799291,0
4799484,0
4799485,0
4799486,0
4799487,0
4799488,0
4799489,0
4799490,0
4802907,0
4803101,0
4803102,0
4803103,0
4803104,0
4803105,0
4803106,0
4803107,0
4806717,0
4806718,0
4806719,0
4806720,0
4806721,0
4806722,0
4806723,0
4806724,0
4806725,0
4806726,0
4810136,0
4810137,0
4810138,0
4810334,0
4810335,0
4810336,0
4810337,0
4810338,0
4810343,0
4813753,0
4813754,0
4813755,0
4813950,0
4813951,0
4813952,0
4813959,0
4813960,0
4813961,0
4813962,0
4817368,0
4817369,0
4817370,0
4817371,0
4817566,0
4817567,0
4817568,0
4817575,0
4817576,0
4817577,0
4817578,0
4820984,0
4820985,0
4820986,0
4821182,0
4821183,0
4821184,0
4821186,0
4821192,0
4821193,0
4821194,0
4821195,0
4824600,0
4824799,0
4824800,0
4824801,0
4824802,0
4824808,0
4824809,0
4824810,0
4824811,0
4828216,0
4828415,0
4828416,0
4828417,0
4828418,0
4828427,0
4828428,0
4828429,0
4831832,0
4832032,0
4832033,0
4832034,0
4835448,0
4835649,0
4835650,0
4839266,0
4839267,0
4842882,0
4842883,0
4846498,0
4846499,0
4846500,0
4846501,0
4846502,0
4850115,0
4850116,0
4850117,0
4850118,0
4850129,0
4850130,0
4853524,0
4853525,0
4853526,0
4853732,0
4853733,0
4853734,0
4857140,0
4857141,0
4857142,0
4857348,0
4857349,0
4857350,0
4857364,0
4860757,0
4860758,0
4860965,0
4860966,0
4860980,0
4860981,0
4864372,0
4864373,0
4864374,0
4864581,0
4864582,0
4864596,0
4864597,0
4867988,0
4867989,0
4867990,0
4868198,0
4868212,0
4868213,0
4868214,0
4871604,0
4871605,0
4871606,0
4871814,0
4871815,0
4871816,0
4871817,0
4871818,0
4875221,0
4875222,0
4875429,0
4875430,0
4875431,0
4875432,0
4875433,0
4875434,0
4878837,0
4878838,0
4878890,0
4878891,0
4879046,0
4879047,0
4879048,0
4879049,0
4879050,0
4882453,0
4882663,0
4882664,0
4882665,0
4882666,0
4886069,0
4886070,0
4886280,0
4886281,0
4886282,0
4889685,0
4889897,0
4889912,0
4893301,0
4893513,0
4893527,0
4896917,0
4897128,0
4897129,0
4897143,0
4900533,0
4900745,0
4900759,0
4900761,0
4904149,0
4904150,0
4904358,0
4904361,0
4904375,0
4904376,0
4904377,0
4907765,0
4907974,0
4907977,0
4907991,0
4907992,0
4911381,0
4911607,0
4911608,0
4911622,0
4911623,0
4911624,0
4911625,0
4914997,0
4914998,0
4915232,0
4915237,0
4915238,0
4915239,0
4915244,0
4915247,0
4918851,0
4918852,0
4918853,0
4918854,0
4918855,0
4918860,0
4918861,0
4918863,0
4922465,0
4922466,0
4922467,0
4922468,0
4922469,0
4922476,0
4922477,0
4926079,0
4926080,0
4926081,0
4926082,0
4926083,0
4926084,0
4926085,0
4926092,0
4926093,0
4929695,0
4929696,0
4929697,0
4929698,0
4929699,0
4929700,0
4929708,0
4933324,0
4936939,0
4940555,0
4944136,0
4944171,0
4955015,0
4955016,0
4955017,0
4955018,0
4958630,0
4958631,0
4958632,0
4958633,0
4962246,0
4962247,0
4962248,0
4965862,0
4965863,0
4965864,0
4969477,0
4969478,0
4969479,0
4969480,0
4973093,0
4973094,0
4976709,0
4976710,0
4980325,0
4983941,0
4987556,0
4987557,0
4994780,0
4994781,0
4998395,0
4998396,0
5002011,0
5002012,0
5005627,0
5005628,0
5005629,0
5009243,0
5009244,0
5012858,0
5012859,0
5016472,0
5016473,0
5016474,0
5020088,0
5020089,0
5020090,0
5023702,0
5023703,0
5023704,0
5023705,0
5027318,0
5027319,0
5027320,0
5030933,0
5030934,0
5030935,0
5034512,0
5034513,0
5034514,0
5034549,0
5034550,0
5034551,0
5038151,0
5038163,0
5038164,0
5038165,0
5038166,0
5041766,0
5041767,0
5041778,0
5041779,0
5041780,0
5041781,0
5045357,0
5045381,0
5045382,0
5045393,0
5045394,0
5045395,0
5045396,0
5048973,0
5048997,0
5048998,0
5049008,0
5049009,0
5049010,0
5049011,0
5052589,0
5052612,0
5052613,0
5052614,0
5052623,0
5052624,0
5052625,0
5052626,0
5056239,0
5056240,0
5056241,0
5059855,0
5059856,0
5059857,0
5063470,0
5063471,0
5063472,0
5067086,0
5067087,0
5070702,0
5114048,0
5124891,0
5132121,0
5132122,0
5150240,0
5150241,0
5153856,0
5154583,0
5154584,0
5154585,0
5157458,0
5157459,0
5158202,0
5158203,0
5158204,0
5158205,0
5158206,0
5158207,0
5158208,0
5158209,0
5161820,0
5161821,0
5161822,0
5161823,0
5161824,0
5161825,0
5161826,0
5161827,0
5165438,0
5165439,0
5165440,0
5165441,0
5165442,0
5165443,0
5165444,0
5165445,0
5169057,0
5169058,0
5169059,0
5169060,0
5169061,0
5169062,0
5169063,0
5171876,0
5171877,0
5171878,0
5172677,0
5172678,0
5172679,0
5172680,0
5172681,0
5176294,0
5176295,0
5176296,0
5176297,0
5176298,0
5176299,0
5176300,0
5176301,0
5179917,0
5179918,0
5179919,0
5179920,0
5179921,0
5182721,0
5183535,0
5183536,0
5183537,0
5183538,0
5183539,0
5186336,0
5186337,0
5187153,0
5187154,0
5189950,0
5189951,0
5189952,0
5193566,0
5193567,0
5193568,0
5215253,0
5215254,0
5215292,0
5215293,0
5218868,0
5218869,0
5222483,0
5222484,0
5222485,0
5226098,0
5226099,0
5226100,0
5226101,0
5229713,0
5229714,0
5229715,0
5229716,0
5233329,0
5233330,0
5233331,0
5233332,0
5233365,0
5233366,0
5236943,0
5236944,0
5236945,0
5236946,0
5236947,0
5236948,0
5240559,0
5240560,0
5240561,0
5240562,0
5240563,0
5244174,0
5244175,0
5244176,0
5244177,0
5244178,0
5244179,0
5247789,0
5247790,0
5247791,0
5247792,0
5247793,0
5247827,0
5251405,0
5251406,0
5251407,0
5251408,0
5251409,0
5251410,0
5255022,0
5255023,0
5255024,0
5255025,0
5258637,0
5258638,0
5258639,0
5258640,0
5258670,0
5262255,0
5262256,0
5262257,0
5273103,0
5273128,0
5273129,0
5276744,0
5280339,0
5287570,0
5291185,0
5294800,0
5294801,0
5294802,0
5294803,0
5294805,0
5294816,0
5298415,0
5298416,0
5298417,0
5298418,0
5298419,0
5298420,0
5298431,0
5298432,0
5302031,0
5302032,0
5302033,0
5302034,0
5302035,0
5302036,0
5305648,0
5305649,0
5305650,0
5305651,0
5312887,0
5312888,0
5312889,0
5312890,0
5316502,0
5316503,0
5316504,0
5316505,0
5316506,0
5320117,0
5320118,0
5320119,0
5320120,0
5323734,0
5323735,0
5327332,0
5327333,0
5327334,0
5330948,0
5330949,0
5330950,0
5330951,0
5334566,0
5334567,0
